raw_status_source,comet_id,comet_name,designation,apparition_year,perihelion_date,discovery_date,raw_aerith_status,sbdb_pdes,sbdb_prefix,query_pdes,merged_fragments,is_periodic,expected,seen,event_case,status_mapping_confidence,manual_review_status,status_notes,apparition_id,apparition_id_source
AERITH,1P,1P/Halley,1P/1909 R1,1910,1910-04-20,,Appeared,,,1P,,True,True,True,expected_seen,high,False,,1P_1910,perihelion
AERITH,2P,2P/Encke,2P,1937,1937-12-27,,Appeared,,,2P,,True,True,True,expected_seen,high,False,,2P_1937,perihelion
AERITH,2P,2P/Encke,2P,1934,1934-09-15,,Appeared,,,2P,,True,True,True,expected_seen,high,False,,2P_1934,perihelion
AERITH,2P,2P/Encke,2P,1931,1931-06-03,,Appeared,,,2P,,True,True,True,expected_seen,high,False,,2P_1931,perihelion
AERITH,2P,2P/Encke,2P,1928,1928-02-19,,Appeared,,,2P,,True,True,True,expected_seen,high,False,,2P_1928,perihelion
AERITH,2P,2P/Encke,2P,1924,1924-10-31,,Appeared,,,2P,,True,True,True,expected_seen,high,False,,2P_1924,perihelion
AERITH,2P,2P/Encke,2P,1921,1921-07-13,,Appeared,,,2P,,True,True,True,expected_seen,high,False,,2P_1921,perihelion
AERITH,2P,2P/Encke,2P,1918,1918-03-24,,Appeared,,,2P,,True,True,True,expected_seen,high,False,,2P_1918,perihelion
AERITH,2P,2P/Encke,2P,1914,1914-12-05,,Appeared,,,2P,,True,True,True,expected_seen,high,False,,2P_1914,perihelion
AERITH,2P,2P/Encke,2P,1911,1911-08-19,,Appeared,,,2P,,True,True,True,expected_seen,high,False,,2P_1911,perihelion
AERITH,2P,2P/Encke,2P,1908,1908-05-01,,Appeared,,,2P,,True,True,True,expected_seen,high,False,,2P_1908,perihelion
AERITH,2P,2P/Encke,2P,1905,1905-01-12,,Appeared,,,2P,,True,True,True,expected_seen,high,False,,2P_1905,perihelion
AERITH,2P,2P/Encke,2P,1901,1901-09-15,,Appeared,,,2P,,True,True,True,expected_seen,high,False,,2P_1901,perihelion
AERITH,2P,2P/Encke,2P,1898,1898-05-27,,Appeared,,,2P,,True,True,True,expected_seen,high,False,,2P_1898,perihelion
AERITH,2P,2P/Encke,2P,1895,1895-02-05,,Appeared,,,2P,,True,True,True,expected_seen,high,False,,2P_1895,perihelion
AERITH,2P,2P/Encke,2P,1891,1891-10-18,,Appeared,,,2P,,True,True,True,expected_seen,high,False,,2P_1891,perihelion
AERITH,2P,2P/Encke,2P,1888,1888-06-28,,Appeared,,,2P,,True,True,True,expected_seen,high,False,,2P_1888,perihelion
AERITH,2P,2P/Encke,2P,1885,1885-03-08,,Appeared,,,2P,,True,True,True,expected_seen,high,False,,2P_1885,perihelion
AERITH,2P,2P/Encke,2P,1881,1881-11-15,,Appeared,,,2P,,True,True,True,expected_seen,high,False,,2P_1881,perihelion
AERITH,2P,2P/Encke,2P,1878,1878-07-26,,Appeared,,,2P,,True,True,True,expected_seen,high,False,,2P_1878,perihelion
AERITH,2P,2P/Encke,2P,1875,1875-04-13,,Appeared,,,2P,,True,True,True,expected_seen,high,False,,2P_1875,perihelion
AERITH,2P,2P/Encke,2P,1871,1871-12-29,,Appeared,,,2P,,True,True,True,expected_seen,high,False,,2P_1871,perihelion
AERITH,2P,2P/Encke,2P,1868,1868-09-15,,Appeared,,,2P,,True,True,True,expected_seen,high,False,,2P_1868,perihelion
AERITH,2P,2P/Encke,2P,1865,1865-05-28,,Appeared,,,2P,,True,True,True,expected_seen,high,False,,2P_1865,perihelion
AERITH,2P,2P/Encke,2P,1862,1862-02-06,,Appeared,,,2P,,True,True,True,expected_seen,high,False,,2P_1862,perihelion
AERITH,2P,2P/Encke,2P,1858,1858-10-18,,Appeared,,,2P,,True,True,True,expected_seen,high,False,,2P_1858,perihelion
AERITH,2P,2P/Encke,2P,1855,1855-07-01,,Appeared,,,2P,,True,True,True,expected_seen,high,False,,2P_1855,perihelion
AERITH,2P,2P/Encke,2P,1852,1852-03-15,,Appeared,,,2P,,True,True,True,expected_seen,high,False,,2P_1852,perihelion
AERITH,3D,3D/Biela,0003D/?,1938,1938-12-20,,Not observed,,,3D,,True,True,False,expected_not_seen,high,False,,3D_1938,perihelion
AERITH,3D,3D/Biela,0003D/?,1932,1932-05-16,,Not observed,,,3D,,True,True,False,expected_not_seen,high,False,,3D_1932,perihelion
AERITH,3D,3D/Biela,0003D/?,1925,1925-09-30,,Not observed,,,3D,,True,True,False,expected_not_seen,high,False,,3D_1925,perihelion
AERITH,3D,3D/Biela,0003D/?,1919,1919-02-13,,Not observed,,,3D,,True,True,False,expected_not_seen,high,False,,3D_1919,perihelion
AERITH,3D,3D/Biela,0003D/?,1912,1912-07-01,,Not observed,,,3D,,True,True,False,expected_not_seen,high,False,,3D_1912,perihelion
AERITH,3D,3D/Biela,0003D/?,1905,1905-11-21,,Not observed,,,3D,,True,True,False,expected_not_seen,high,False,,3D_1905,perihelion
AERITH,3D,3D/Biela,0003D/?,1899,1899-04-24,,Not observed,,,3D,,True,True,False,expected_not_seen,high,False,,3D_1899,perihelion
AERITH,3D,3D/Biela,0003D/?,1892,1892-08-27,,Not observed,,,3D,,True,True,False,expected_not_seen,high,False,,3D_1892,perihelion
AERITH,3D,3D/Biela,0003D/?,1886,1886-01-22,,Not observed,,,3D,,True,True,False,expected_not_seen,high,False,,3D_1886,perihelion
AERITH,3D,3D/Biela,0003D/?,1879,1879-05-30,,Not observed,,,3D,,True,True,False,expected_not_seen,high,False,,3D_1879,perihelion
AERITH,3D,3D/Biela,0003D/?,1872,1872-09-30,,Not observed,,,3D,,True,True,False,expected_not_seen,high,False,,3D_1872,perihelion
AERITH,3D,3D/Biela,0003D/?,1866,1866-01-26,,Not observed,,,3D,,True,True,False,expected_not_seen,high,False,,3D_1866,perihelion
AERITH,3D,3D/Biela,0003D/?,1859,1859-05-23,,Not observed,,,3D,,True,True,False,expected_not_seen,high,False,,3D_1859,perihelion
AERITH,3D,3D/Biela,3D,1852,1852-09-23,,Appeared,,,3D,,True,True,True,expected_seen,high,False,,3D_1852,perihelion
AERITH,4P,4P/Faye,4P,1940,1940-04-24,,Appeared,,,4P,,True,True,True,expected_seen,high,False,,4P_1940,perihelion
AERITH,4P,4P/Faye,4P,1932,1932-12-06,,Appeared,,,4P,,True,True,True,expected_seen,high,False,,4P_1932,perihelion
AERITH,4P,4P/Faye,4P,1925,1925-08-07,,Appeared,,,4P,,True,True,True,expected_seen,high,False,,4P_1925,perihelion
AERITH,4P,4P/Faye,0004P/?,1918,1918-03-29,,Not observed,,,4P,,True,True,False,expected_not_seen,high,False,,4P_1918,perihelion
AERITH,4P,4P/Faye,4P,1910,1910-11-02,,Appeared,,,4P,,True,True,True,expected_seen,high,False,,4P_1910,perihelion
AERITH,4P,4P/Faye,0004P/?,1903,1903-06-05,,Not observed,,,4P,,True,True,False,expected_not_seen,high,False,,4P_1903,perihelion
AERITH,4P,4P/Faye,4P,1896,1896-03-19,,Appeared,,,4P,,True,True,True,expected_seen,high,False,,4P_1896,perihelion
AERITH,4P,4P/Faye,4P,1888,1888-08-20,,Appeared,,,4P,,True,True,True,expected_seen,high,False,,4P_1888,perihelion
AERITH,4P,4P/Faye,4P,1881,1881-01-23,,Appeared,,,4P,,True,True,True,expected_seen,high,False,,4P_1881,perihelion
AERITH,4P,4P/Faye,4P,1873,1873-07-18,,Appeared,,,4P,,True,True,True,expected_seen,high,False,,4P_1873,perihelion
AERITH,4P,4P/Faye,4P,1866,1866-02-14,,Appeared,,,4P,,True,True,True,expected_seen,high,False,,4P_1866,perihelion
AERITH,4P,4P/Faye,4P,1858,1858-09-13,,Appeared,,,4P,,True,True,True,expected_seen,high,False,,4P_1858,perihelion
AERITH,4P,4P/Faye,4P/1850 W1,1851,1851-04-02,,Appeared,,,4P,,True,True,True,expected_seen,high,False,,4P_1851,perihelion
AERITH,5D,5D/Brorsen,0005D/?,1940,1940-01-29,,Not observed,,,5D,,True,True,False,expected_not_seen,high,False,,5D_1940,perihelion
AERITH,5D,5D/Brorsen,0005D/?,1934,1934-07-21,,Not observed,,,5D,,True,True,False,expected_not_seen,high,False,,5D_1934,perihelion
AERITH,5D,5D/Brorsen,0005D/?,1928,1928-12-23,,Not observed,,,5D,,True,True,False,expected_not_seen,high,False,,5D_1928,perihelion
AERITH,5D,5D/Brorsen,0005D/?,1923,1923-06-09,,Not observed,,,5D,,True,True,False,expected_not_seen,high,False,,5D_1923,perihelion
AERITH,5D,5D/Brorsen,0005D/?,1917,1917-09-20,,Not observed,,,5D,,True,True,False,expected_not_seen,high,False,,5D_1917,perihelion
AERITH,5D,5D/Brorsen,0005D/?,1912,1912-01-12,,Not observed,,,5D,,True,True,False,expected_not_seen,high,False,,5D_1912,perihelion
AERITH,5D,5D/Brorsen,0005D/?,1906,1906-07-17,,Not observed,,,5D,,True,True,False,expected_not_seen,high,False,,5D_1906,perihelion
AERITH,5D,5D/Brorsen,0005D/?,1901,1901-01-24,,Not observed,,,5D,,True,True,False,expected_not_seen,high,False,,5D_1901,perihelion
AERITH,5D,5D/Brorsen,0005D/?,1895,1895-08-10,,Not observed,,,5D,,True,True,False,expected_not_seen,high,False,,5D_1895,perihelion
AERITH,5D,5D/Brorsen,0005D/?,1890,1890-02-25,,Not observed,,,5D,,True,True,False,expected_not_seen,high,False,,5D_1890,perihelion
AERITH,5D,5D/Brorsen,0005D/?,1884,1884-09-13,,Not observed,,,5D,,True,True,False,expected_not_seen,high,False,,5D_1884,perihelion
AERITH,5D,5D/Brorsen,5D,1879,1879-03-31,,Appeared,,,5D,,True,True,True,expected_seen,high,False,,5D_1879,perihelion
AERITH,5D,5D/Brorsen,5D,1873,1873-10-10,,Appeared,,,5D,,True,True,True,expected_seen,high,False,,5D_1873,perihelion
AERITH,5D,5D/Brorsen,5D,1868,1868-04-17,,Appeared,,,5D,,True,True,True,expected_seen,high,False,,5D_1868,perihelion
AERITH,5D,5D/Brorsen,0005D/?,1862,1862-10-13,,Not observed,,,5D,,True,True,False,expected_not_seen,high,False,,5D_1862,perihelion
AERITH,5D,5D/Brorsen,5D/1857 F1,1857,1857-03-29,,Appeared,,,5D,,True,True,True,expected_seen,high,False,,5D_1857,perihelion
AERITH,5D,5D/Brorsen,0005D/?,1851,1851-09-24,,Not observed,,,5D,,True,True,False,expected_not_seen,high,False,,5D_1851,perihelion
AERITH,6P,6P/d'Arrest,0006P/?,1937,1937-01-08,,Not observed,,,6P,,True,True,False,expected_not_seen,high,False,,6P_1937,perihelion
AERITH,6P,6P/d'Arrest,0006P/?,1930,1930-05-10,,Not observed,,,6P,,True,True,False,expected_not_seen,high,False,,6P_1930,perihelion
AERITH,6P,6P/d'Arrest,6P,1923,1923-09-15,,Appeared,,,6P,,True,True,True,expected_seen,high,False,,6P_1923,perihelion
AERITH,6P,6P/d'Arrest,0006P/?,1917,1917-04-03,,Not observed,,,6P,,True,True,False,expected_not_seen,high,False,,6P_1917,perihelion
AERITH,6P,6P/d'Arrest,6P,1910,1910-09-16,,Appeared,,,6P,,True,True,True,expected_seen,high,False,,6P_1910,perihelion
AERITH,6P,6P/d'Arrest,0006P/?,1904,1904-01-29,,Not observed,,,6P,,True,True,False,expected_not_seen,high,False,,6P_1904,perihelion
AERITH,6P,6P/d'Arrest,6P,1897,1897-05-23,,Appeared,,,6P,,True,True,True,expected_seen,high,False,,6P_1897,perihelion
AERITH,6P,6P/d'Arrest,6P,1890,1890-09-18,,Appeared,,,6P,,True,True,True,expected_seen,high,False,,6P_1890,perihelion
AERITH,6P,6P/d'Arrest,0006P/?,1884,1884-01-14,,Not observed,,,6P,,True,True,False,expected_not_seen,high,False,,6P_1884,perihelion
AERITH,6P,6P/d'Arrest,6P,1877,1877-05-10,,Appeared,,,6P,,True,True,True,expected_seen,high,False,,6P_1877,perihelion
AERITH,6P,6P/d'Arrest,6P,1870,1870-09-23,,Appeared,,,6P,,True,True,True,expected_seen,high,False,,6P_1870,perihelion
AERITH,6P,6P/d'Arrest,0006P/?,1864,1864-02-26,,Not observed,,,6P,,True,True,False,expected_not_seen,high,False,,6P_1864,perihelion
AERITH,6P,6P/d'Arrest,6P/1857 X1,1857,1857-11-28,,Appeared,,,6P,,True,True,True,expected_seen,high,False,,6P_1857,perihelion
AERITH,6P,6P/d'Arrest,6P/1851 M1,1851,1851-07-09,,Discovered,,,6P,,True,False,True,unexpected_seen,high,False,,6P_1851,perihelion
AERITH,7P,7P/Pons-Winnecke,7P,1939,1939-06-22,,Appeared,,,7P,,True,True,True,expected_seen,high,False,,7P_1939,perihelion
AERITH,7P,7P/Pons-Winnecke,7P,1933,1933-05-18,,Appeared,,,7P,,True,True,True,expected_seen,high,False,,7P_1933,perihelion
AERITH,7P,7P/Pons-Winnecke,7P,1927,1927-06-21,,Appeared,,,7P,,True,True,True,expected_seen,high,False,,7P_1927,perihelion
AERITH,7P,7P/Pons-Winnecke,7P,1921,1921-06-13,,Appeared,,,7P,,True,True,True,expected_seen,high,False,,7P_1921,perihelion
AERITH,7P,7P/Pons-Winnecke,7P,1915,1915-09-02,,Appeared,,,7P,,True,True,True,expected_seen,high,False,,7P_1915,perihelion
AERITH,7P,7P/Pons-Winnecke,7P,1909,1909-10-09,,Appeared,,,7P,,True,True,True,expected_seen,high,False,,7P_1909,perihelion
AERITH,7P,7P/Pons-Winnecke,0007P/?,1904,1904-01-21,,Not observed,,,7P,,True,True,False,expected_not_seen,high,False,,7P_1904,perihelion
AERITH,7P,7P/Pons-Winnecke,7P,1898,1898-03-20,,Appeared,,,7P,,True,True,True,expected_seen,high,False,,7P_1898,perihelion
AERITH,7P,7P/Pons-Winnecke,7P,1892,1892-07-01,,Appeared,,,7P,,True,True,True,expected_seen,high,False,,7P_1892,perihelion
AERITH,7P,7P/Pons-Winnecke,7P,1886,1886-09-04,,Appeared,,,7P,,True,True,True,expected_seen,high,False,,7P_1886,perihelion
AERITH,7P,7P/Pons-Winnecke,0007P/?,1880,1880-12-04,,Not observed,,,7P,,True,True,False,expected_not_seen,high,False,,7P_1880,perihelion
AERITH,7P,7P/Pons-Winnecke,7P,1875,1875-03-12,,Appeared,,,7P,,True,True,True,expected_seen,high,False,,7P_1875,perihelion
AERITH,7P,7P/Pons-Winnecke,7P/1869 G1,1869,1869-06-30,,Appeared,,,7P,,True,True,True,expected_seen,high,False,,7P_1869,perihelion
AERITH,7P,7P/Pons-Winnecke,0007P/?,1863,1863-11-27,,Not observed,,,7P,,True,True,False,expected_not_seen,high,False,,7P_1863,perihelion
AERITH,7P,7P/Pons-Winnecke,7P/1858 E1,1858,1858-05-02,,Discovered,,,7P,,True,False,True,unexpected_seen,high,False,,7P_1858,perihelion
AERITH,7P,7P/Pons-Winnecke,0007P/?,1852,1852-10-12,,Not observed before discovery,,,7P,,True,,False,retrospective_not_observed,high,False,,7P_1852,perihelion
AERITH,8P,8P/Tuttle,8P,1939,1939-11-10,,Appeared,,,8P,,True,True,True,expected_seen,high,False,,8P_1939,perihelion
AERITH,8P,8P/Tuttle,8P,1926,1926-04-28,,Appeared,,,8P,,True,True,True,expected_seen,high,False,,8P_1926,perihelion
AERITH,8P,8P/Tuttle,8P,1912,1912-10-28,,Appeared,,,8P,,True,True,True,expected_seen,high,False,,8P_1912,perihelion
AERITH,8P,8P/Tuttle,8P,1899,1899-05-04,,Appeared,,,8P,,True,True,True,expected_seen,high,False,,8P_1899,perihelion
AERITH,8P,8P/Tuttle,8P,1885,1885-09-11,,Appeared,,,8P,,True,True,True,expected_seen,high,False,,8P_1885,perihelion
AERITH,8P,8P/Tuttle,8P/1871 T1,1871,1871-12-02,,Appeared,,,8P,,True,True,True,expected_seen,high,False,,8P_1871,perihelion
AERITH,8P,8P/Tuttle,8P/1858 A1,1858,1858-02-24,,Discovered,,,8P,,True,False,True,unexpected_seen,high,False,,8P_1858,perihelion
AERITH,9P,9P/Tempel 1,0009P/?,1937,1937-12-22,,Not observed,,,9P,,True,True,False,expected_not_seen,high,False,,9P_1937,perihelion
AERITH,9P,9P/Tempel 1,0009P/?,1931,1931-06-17,,Not observed,,,9P,,True,True,False,expected_not_seen,high,False,,9P_1931,perihelion
AERITH,9P,9P/Tempel 1,0009P/?,1924,1924-12-09,,Not observed,,,9P,,True,True,False,expected_not_seen,high,False,,9P_1924,perihelion
AERITH,9P,9P/Tempel 1,0009P/?,1918,1918-05-21,,Not observed,,,9P,,True,True,False,expected_not_seen,high,False,,9P_1918,perihelion
AERITH,9P,9P/Tempel 1,0009P/?,1911,1911-11-04,,Not observed,,,9P,,True,True,False,expected_not_seen,high,False,,9P_1911,perihelion
AERITH,9P,9P/Tempel 1,0009P/?,1905,1905-04-21,,Not observed,,,9P,,True,True,False,expected_not_seen,high,False,,9P_1905,perihelion
AERITH,9P,9P/Tempel 1,0009P/?,1898,1898-10-03,,Not observed,,,9P,,True,True,False,expected_not_seen,high,False,,9P_1898,perihelion
AERITH,9P,9P/Tempel 1,0009P/?,1892,1892-03-29,,Not observed,,,9P,,True,True,False,expected_not_seen,high,False,,9P_1892,perihelion
AERITH,9P,9P/Tempel 1,0009P/?,1885,1885-09-24,,Not observed,,,9P,,True,True,False,expected_not_seen,high,False,,9P_1885,perihelion
AERITH,9P,9P/Tempel 1,9P,1879,1879-05-07,,Appeared,,,9P,,True,True,True,expected_seen,high,False,,9P_1879,perihelion
AERITH,9P,9P/Tempel 1,9P/1873 G1,1873,1873-05-10,,Appeared,,,9P,,True,True,True,expected_seen,high,False,,9P_1873,perihelion
AERITH,9P,9P/Tempel 1,9P/1867 G1,1867,1867-05-24,,Discovered,,,9P,,True,False,True,unexpected_seen,high,False,,9P_1867,perihelion
AERITH,10P,10P/Tempel 2,0010P/?,1935,1935-12-07,,Not observed,,,10P,,True,True,False,expected_not_seen,high,False,,10P_1935,perihelion
AERITH,10P,10P/Tempel 2,10P,1930,1930-10-05,,Appeared,,,10P,,True,True,True,expected_seen,high,False,,10P_1930,perihelion
AERITH,10P,10P/Tempel 2,10P,1925,1925-08-07,,Appeared,,,10P,,True,True,True,expected_seen,high,False,,10P_1925,perihelion
AERITH,10P,10P/Tempel 2,10P,1920,1920-06-10,,Appeared,,,10P,,True,True,True,expected_seen,high,False,,10P_1920,perihelion
AERITH,10P,10P/Tempel 2,10P,1915,1915-04-14,,Appeared,,,10P,,True,True,True,expected_seen,high,False,,10P_1915,perihelion
AERITH,10P,10P/Tempel 2,0010P/?,1910,1910-02-10,,Not observed,,,10P,,True,True,False,expected_not_seen,high,False,,10P_1910,perihelion
AERITH,10P,10P/Tempel 2,10P,1904,1904-11-10,,Appeared,,,10P,,True,True,True,expected_seen,high,False,,10P_1904,perihelion
AERITH,10P,10P/Tempel 2,10P,1899,1899-07-29,,Appeared,,,10P,,True,True,True,expected_seen,high,False,,10P_1899,perihelion
AERITH,10P,10P/Tempel 2,10P,1894,1894-04-23,,Appeared,,,10P,,True,True,True,expected_seen,high,False,,10P_1894,perihelion
AERITH,10P,10P/Tempel 2,0010P/?,1889,1889-02-02,,Not observed,,,10P,,True,True,False,expected_not_seen,high,False,,10P_1889,perihelion
AERITH,10P,10P/Tempel 2,0010P/?,1883,1883-11-20,,Not observed,,,10P,,True,True,False,expected_not_seen,high,False,,10P_1883,perihelion
AERITH,10P,10P/Tempel 2,10P/1878 O1,1878,1878-09-07,,Appeared,,,10P,,True,True,True,expected_seen,high,False,,10P_1878,perihelion
AERITH,10P,10P/Tempel 2,10P/1873 N1,1873,1873-06-25,,Discovered,,,10P,,True,False,True,unexpected_seen,high,False,,10P_1873,perihelion
AERITH,11P,11P/Tempel-Swift-LINEAR,0011P/?,1938,1938-05-19,,Not observed,,,11P,,True,True,False,expected_not_seen,high,False,,11P_1938,perihelion
AERITH,11P,11P/Tempel-Swift-LINEAR,0011P/?,1932,1932-04-12,,Not observed,,,11P,,True,True,False,expected_not_seen,high,False,,11P_1932,perihelion
AERITH,11P,11P/Tempel-Swift-LINEAR,0011P/?,1926,1926-04-28,,Not observed,,,11P,,True,True,False,expected_not_seen,high,False,,11P_1926,perihelion
AERITH,11P,11P/Tempel-Swift-LINEAR,0011P/?,1920,1920-05-24,,Not observed,,,11P,,True,True,False,expected_not_seen,high,False,,11P_1920,perihelion
AERITH,11P,11P/Tempel-Swift-LINEAR,0011P/?,1914,1914-07-22,,Not observed,,,11P,,True,True,False,expected_not_seen,high,False,,11P_1914,perihelion
AERITH,11P,11P/Tempel-Swift-LINEAR,11P,1908,1908-10-05,,Appeared,,,11P,,True,True,True,expected_seen,high,False,,11P_1908,perihelion
AERITH,11P,11P/Tempel-Swift-LINEAR,0011P/?,1903,1903-01-28,,Not observed,,,11P,,True,True,False,expected_not_seen,high,False,,11P_1903,perihelion
AERITH,11P,11P/Tempel-Swift-LINEAR,0011P/?,1897,1897-06-06,,Not observed,,,11P,,True,True,False,expected_not_seen,high,False,,11P_1897,perihelion
AERITH,11P,11P/Tempel-Swift-LINEAR,11P,1891,1891-11-17,,Appeared,,,11P,,True,True,True,expected_seen,high,False,,11P_1891,perihelion
AERITH,11P,11P/Tempel-Swift-LINEAR,0011P/?,1886,1886-05-11,,Not observed,,,11P,,True,True,False,expected_not_seen,high,False,,11P_1886,perihelion
AERITH,11P,11P/Tempel-Swift-LINEAR,11P/1880 T1,1880,1880-11-08,,Appeared,,,11P,,True,True,True,expected_seen,high,False,,11P_1880,perihelion
AERITH,11P,11P/Tempel-Swift-LINEAR,0011P/?,1875,1875-05-15,,Not observed,,,11P,,True,True,False,expected_not_seen,high,False,,11P_1875,perihelion
AERITH,11P,11P/Tempel-Swift-LINEAR,11P/1869 W1,1869,1869-11-19,,Discovered,,,11P,,True,False,True,unexpected_seen,high,False,,11P_1869,perihelion
AERITH,12P,12P/Pons-Brooks,12P/1883 R1,1884,1884-01-26,,Appeared,,,12P,,True,True,True,expected_seen,high,False,,12P_1884,perihelion
AERITH,13P,13P/Olbers,13P/1887 Q1,1887,1887-10-08,,Appeared,,,13P,,True,True,True,expected_seen,high,False,,13P_1887,perihelion
AERITH,14P,14P/Wolf,14P,1934,1934-02-27,,Appeared,,,14P,,True,True,True,expected_seen,high,False,,14P_1934,perihelion
AERITH,14P,14P/Wolf,14P,1925,1925-11-08,,Appeared,,,14P,,True,True,True,expected_seen,high,False,,14P_1925,perihelion
AERITH,14P,14P/Wolf,14P,1918,1918-12-13,,Appeared,,,14P,,True,True,True,expected_seen,high,False,,14P_1918,perihelion
AERITH,14P,14P/Wolf,14P,1912,1912-02-24,,Appeared,,,14P,,True,True,True,expected_seen,high,False,,14P_1912,perihelion
AERITH,14P,14P/Wolf,0014P/?,1905,1905-05-04,,Not observed,,,14P,,True,True,False,expected_not_seen,high,False,,14P_1905,perihelion
AERITH,14P,14P/Wolf,14P,1898,1898-07-05,,Appeared,,,14P,,True,True,True,expected_seen,high,False,,14P_1898,perihelion
AERITH,14P,14P/Wolf,14P/1891 J1,1891,1891-09-03,,Appeared,,,14P,,True,True,True,expected_seen,high,False,,14P_1891,perihelion
AERITH,14P,14P/Wolf,14P/1884 S1,1884,1884-11-18,,Discovered,,,14P,,True,False,True,unexpected_seen,high,False,,14P_1884,perihelion
AERITH,15P,15P/Finlay,0015P/?,1940,1940-04-25,,Not observed,,,15P,,True,True,False,expected_not_seen,high,False,,15P_1940,perihelion
AERITH,15P,15P/Finlay,0015P/?,1933,1933-06-16,,Not observed,,,15P,,True,True,False,expected_not_seen,high,False,,15P_1933,perihelion
AERITH,15P,15P/Finlay,15P,1926,1926-08-07,,Appeared,,,15P,,True,True,True,expected_seen,high,False,,15P_1926,perihelion
AERITH,15P,15P/Finlay,15P,1919,1919-10-15,,Appeared,,,15P,,True,True,True,expected_seen,high,False,,15P_1919,perihelion
AERITH,15P,15P/Finlay,0015P/?,1913,1913-02-07,,Not observed,,,15P,,True,True,False,expected_not_seen,high,False,,15P_1913,perihelion
AERITH,15P,15P/Finlay,15P,1906,1906-09-08,,Appeared,,,15P,,True,True,True,expected_seen,high,False,,15P_1906,perihelion
AERITH,15P,15P/Finlay,0015P/?,1900,1900-02-17,,Not observed,,,15P,,True,True,False,expected_not_seen,high,False,,15P_1900,perihelion
AERITH,15P,15P/Finlay,15P/1893 K1,1893,1893-07-12,,Appeared,,,15P,,True,True,True,expected_seen,high,False,,15P_1893,perihelion
AERITH,15P,15P/Finlay,15P/1886 S1,1886,1886-11-22,,Discovered,,,15P,,True,False,True,unexpected_seen,high,False,,15P_1886,perihelion
AERITH,16P,16P/Brooks 2,16P,1939,1939-09-15,,Appeared,,,16P,,True,True,True,expected_seen,high,False,,16P_1939,perihelion
AERITH,16P,16P/Brooks 2,16P,1932,1932-10-09,,Appeared,,,16P,,True,True,True,expected_seen,high,False,,16P_1932,perihelion
AERITH,16P,16P/Brooks 2,16P,1925,1925-11-01,,Appeared,,,16P,,True,True,True,expected_seen,high,False,,16P_1925,perihelion
AERITH,16P,16P/Brooks 2,0016P/?,1918,1918-02-13,,Not observed,,,16P,,True,True,False,expected_not_seen,high,False,,16P_1918,perihelion
AERITH,16P,16P/Brooks 2,16P,1911,1911-01-08,,Appeared,,,16P,,True,True,True,expected_seen,high,False,,16P_1911,perihelion
AERITH,16P,16P/Brooks 2,16P,1903,1903-12-06,,Appeared,,,16P,,True,True,True,expected_seen,high,False,,16P_1903,perihelion
AERITH,16P,16P/Brooks 2,16P/1896 M1,1896,1896-11-04,,Appeared,,,16P,,True,True,True,expected_seen,high,False,,16P_1896,perihelion
AERITH,16P,16P/Brooks 2,16P/1889 N1,1889,1889-09-30,,Discovered,,,16P,,True,False,True,unexpected_seen,high,False,,16P_1889,perihelion
AERITH,17P,17P/Holmes,0017P/?,1935,1935-07-16,,Not observed,,,17P,,True,True,False,expected_not_seen,high,False,,17P_1935,perihelion
AERITH,17P,17P/Holmes,0017P/?,1928,1928-03-26,,Not observed,,,17P,,True,True,False,expected_not_seen,high,False,,17P_1928,perihelion
AERITH,17P,17P/Holmes,0017P/?,1920,1920-11-20,,Not observed,,,17P,,True,True,False,expected_not_seen,high,False,,17P_1920,perihelion
AERITH,17P,17P/Holmes,0017P/?,1913,1913-07-14,,Not observed,,,17P,,True,True,False,expected_not_seen,high,False,,17P_1913,perihelion
AERITH,17P,17P/Holmes,17P,1906,1906-03-14,,Appeared,,,17P,,True,True,True,expected_seen,high,False,,17P_1906,perihelion
AERITH,17P,17P/Holmes,17P/1899 L1,1899,1899-04-28,,Appeared,,,17P,,True,True,True,expected_seen,high,False,,17P_1899,perihelion
AERITH,17P,17P/Holmes,17P/1892 V1,1892,1892-06-13,,Discovered,,,17P,,True,False,True,unexpected_seen,high,False,,17P_1892,perihelion
AERITH,18D,18D/Perrine-Mrkos,0018D/?,1936,1936-02-24,,Not observed,,,18D,,True,True,False,expected_not_seen,high,False,,18D_1936,perihelion
AERITH,18D,18D/Perrine-Mrkos,0018D/?,1929,1929-07-26,,Not observed,,,18D,,True,True,False,expected_not_seen,high,False,,18D_1929,perihelion
AERITH,18D,18D/Perrine-Mrkos,0018D/?,1922,1922-12-23,,Not observed,,,18D,,True,True,False,expected_not_seen,high,False,,18D_1922,perihelion
AERITH,18D,18D/Perrine-Mrkos,0018D/?,1916,1916-05-22,,Not observed,,,18D,,True,True,False,expected_not_seen,high,False,,18D_1916,perihelion
AERITH,18D,18D/Perrine-Mrkos,18D/1909 P1,1909,1909-11-01,,Appeared,,,18D,,True,True,True,expected_seen,high,False,,18D_1909,perihelion
AERITH,18D,18D/Perrine-Mrkos,0018D/?,1903,1903-04-22,,Not observed,,,18D,,True,True,False,expected_not_seen,high,False,,18D_1903,perihelion
AERITH,18D,18D/Perrine-Mrkos,18D/1896 X1,1896,1896-11-25,,Discovered,,,18D,,True,False,True,unexpected_seen,high,False,,18D_1896,perihelion
AERITH,19P,19P/Borrelly,0019P/?,1939,1939-06-08,,Not observed,,,19P,,True,True,False,expected_not_seen,high,False,,19P_1939,perihelion
AERITH,19P,19P/Borrelly,19P,1932,1932-08-27,,Appeared,,,19P,,True,True,True,expected_seen,high,False,,19P_1932,perihelion
AERITH,19P,19P/Borrelly,19P,1925,1925-10-07,,Appeared,,,19P,,True,True,True,expected_seen,high,False,,19P_1925,perihelion
AERITH,19P,19P/Borrelly,19P,1918,1918-11-17,,Appeared,,,19P,,True,True,True,expected_seen,high,False,,19P_1918,perihelion
AERITH,19P,19P/Borrelly,19P/1911 S1,1911,1911-12-18,,Appeared,,,19P,,True,True,True,expected_seen,high,False,,19P_1911,perihelion
AERITH,19P,19P/Borrelly,19P/1904 Y2,1905,1905-01-17,,Discovered,,,19P,,True,False,True,unexpected_seen,high,False,,19P_1905,perihelion
AERITH,20D,20D/Westphal,20D/1913 S1,1913,1913-11-26,,Appeared,,,20D,,True,True,True,expected_seen,high,False,,20D_1913,perihelion
AERITH,20D,20D/Westphal,20D/1852 O1,1852,1852-10-13,,Discovered,,,20D,,True,False,True,unexpected_seen,high,False,,20D_1852,perihelion
AERITH,21P,21P/Giacobini-Zinner,21P,1940,1940-02-17,,Appeared,,,21P,,True,True,True,expected_seen,high,False,,21P_1940,perihelion
AERITH,21P,21P/Giacobini-Zinner,21P,1933,1933-07-15,,Appeared,,,21P,,True,True,True,expected_seen,high,False,,21P_1933,perihelion
AERITH,21P,21P/Giacobini-Zinner,21P,1926,1926-12-11,,Appeared,,,21P,,True,True,True,expected_seen,high,False,,21P_1926,perihelion
AERITH,21P,21P/Giacobini-Zinner,0021P/?,1920,1920-05-18,,Not observed,,,21P,,True,True,False,expected_not_seen,high,False,,21P_1920,perihelion
AERITH,21P,21P/Giacobini-Zinner,21P/1913 U1,1913,1913-11-02,,Appeared,,,21P,,True,True,True,expected_seen,high,False,,21P_1913,perihelion
AERITH,21P,21P/Giacobini-Zinner,0021P/?,1907,1907-05-19,,Not observed,,,21P,,True,True,False,expected_not_seen,high,False,,21P_1907,perihelion
AERITH,21P,21P/Giacobini-Zinner,21P/1900 Y1,1900,1900-11-28,,Discovered,,,21P,,True,False,True,unexpected_seen,high,False,,21P_1900,perihelion
AERITH,22P,22P/Kopff,22P,1939,1939-03-13,,Appeared,,,22P,,True,True,True,expected_seen,high,False,,22P_1939,perihelion
AERITH,22P,22P/Kopff,22P,1932,1932-08-21,,Appeared,,,22P,,True,True,True,expected_seen,high,False,,22P_1932,perihelion
AERITH,22P,22P/Kopff,22P,1926,1926-01-28,,Appeared,,,22P,,True,True,True,expected_seen,high,False,,22P_1926,perihelion
AERITH,22P,22P/Kopff,22P/1919 O1,1919,1919-06-28,,Appeared,,,22P,,True,True,True,expected_seen,high,False,,22P_1919,perihelion
AERITH,22P,22P/Kopff,0022P/?,1912,1912-11-25,,Not observed,,,22P,,True,True,False,expected_not_seen,high,False,,22P_1912,perihelion
AERITH,22P,22P/Kopff,22P/1906 Q1,1906,1906-05-03,,Discovered,,,22P,,True,False,True,unexpected_seen,high,False,,22P_1906,perihelion
AERITH,23P,23P/Brorsen-Metcalf,23P/1919 Q1,1919,1919-10-17,,Appeared,,,23P,,True,True,True,expected_seen,high,False,,23P_1919,perihelion
AERITH,24P,24P/Schaumasse,0024P/?,1935,1935-09-15,,Not observed,,,24P,,True,True,False,expected_not_seen,high,False,,24P_1935,perihelion
AERITH,24P,24P/Schaumasse,24P,1927,1927-10-01,,Appeared,,,24P,,True,True,True,expected_seen,high,False,,24P_1927,perihelion
AERITH,24P,24P/Schaumasse,24P/1919 U1,1919,1919-10-20,,Appeared,,,24P,,True,True,True,expected_seen,high,False,,24P_1919,perihelion
AERITH,24P,24P/Schaumasse,24P/1911 X1,1911,1911-11-13,,Discovered,,,24P,,True,False,True,unexpected_seen,high,False,,24P_1911,perihelion
AERITH,25D,25D/Neujmin 2,0025D/?,1937,1937-11-20,,Not observed,,,25D,,True,True,False,expected_not_seen,high,False,,25D_1937,perihelion
AERITH,25D,25D/Neujmin 2,0025D/?,1932,1932-06-17,,Not observed,,,25D,,True,True,False,expected_not_seen,high,False,,25D_1932,perihelion
AERITH,25D,25D/Neujmin 2,25D/1926 V2,1927,1927-01-16,,Appeared,,,25D,,True,True,True,expected_seen,high,False,,25D_1927,perihelion
AERITH,25D,25D/Neujmin 2,0025D/?,1921,1921-08-15,,Not observed,,,25D,,True,True,False,expected_not_seen,high,False,,25D_1921,perihelion
AERITH,25D,25D/Neujmin 2,25D/1916 D1,1916,1916-03-11,,Discovered,,,25D,,True,False,True,unexpected_seen,high,False,,25D_1916,perihelion
AERITH,26P,26P/Grigg-Skjellerup,26P,1937,1937-05-23,,Appeared,,,26P,,True,True,True,expected_seen,high,False,,26P_1937,perihelion
AERITH,26P,26P/Grigg-Skjellerup,26P,1932,1932-05-12,,Appeared,,,26P,,True,True,True,expected_seen,high,False,,26P_1932,perihelion
AERITH,26P,26P/Grigg-Skjellerup,26P/1927 F1,1927,1927-05-10,,Appeared,,,26P,,True,True,True,expected_seen,high,False,,26P_1927,perihelion
AERITH,26P,26P/Grigg-Skjellerup,26P/1922 K1,1922,1922-05-15,,Discovered,,,26P,,True,False,True,unexpected_seen,high,False,,26P_1922,perihelion
AERITH,26P,26P/Grigg-Skjellerup,0026P/?,1917,1917-05-22,,Not observed before discovery,,,26P,,True,,False,retrospective_not_observed,high,False,,26P_1917,perihelion
AERITH,26P,26P/Grigg-Skjellerup,0026P/?,1912,1912-05-29,,Not observed before discovery,,,26P,,True,,False,retrospective_not_observed,high,False,,26P_1912,perihelion
AERITH,26P,26P/Grigg-Skjellerup,0026P/?,1907,1907-06-01,,Not observed before discovery,,,26P,,True,,False,retrospective_not_observed,high,False,,26P_1907,perihelion
AERITH,26P,26P/Grigg-Skjellerup,26P/1902 O1,1902,1902-07-03,,Appeared before discovery,,,26P,,True,,True,retrospective_pre_discovery,high,False,,26P_1902,perihelion
AERITH,26P,26P/Grigg-Skjellerup,0026P/?,1897,1897-09-02,,Not observed before discovery,,,26P,,True,,False,retrospective_not_observed,high,False,,26P_1897,perihelion
AERITH,26P,26P/Grigg-Skjellerup,0026P/?,1892,1892-11-07,,Not observed before discovery,,,26P,,True,,False,retrospective_not_observed,high,False,,26P_1892,perihelion
AERITH,26P,26P/Grigg-Skjellerup,0026P/?,1888,1888-01-13,,Not observed before discovery,,,26P,,True,,False,retrospective_not_observed,high,False,,26P_1888,perihelion
AERITH,26P,26P/Grigg-Skjellerup,0026P/?,1883,1883-03-18,,Not observed before discovery,,,26P,,True,,False,retrospective_not_observed,high,False,,26P_1883,perihelion
AERITH,26P,26P/Grigg-Skjellerup,0026P/?,1878,1878-03-09,,Not observed before discovery,,,26P,,True,,False,retrospective_not_observed,high,False,,26P_1878,perihelion
AERITH,26P,26P/Grigg-Skjellerup,0026P/?,1873,1873-02-16,,Not observed before discovery,,,26P,,True,,False,retrospective_not_observed,high,False,,26P_1873,perihelion
AERITH,26P,26P/Grigg-Skjellerup,0026P/?,1868,1868-02-03,,Not observed before discovery,,,26P,,True,,False,retrospective_not_observed,high,False,,26P_1868,perihelion
AERITH,26P,26P/Grigg-Skjellerup,0026P/?,1863,1863-01-28,,Not observed before discovery,,,26P,,True,,False,retrospective_not_observed,high,False,,26P_1863,perihelion
AERITH,26P,26P/Grigg-Skjellerup,0026P/?,1858,1858-01-23,,Not observed before discovery,,,26P,,True,,False,retrospective_not_observed,high,False,,26P_1858,perihelion
AERITH,26P,26P/Grigg-Skjellerup,0026P/?,1853,1853-01-16,,Not observed before discovery,,,26P,,True,,False,retrospective_not_observed,high,False,,26P_1853,perihelion
AERITH,27P,27P/Crommelin,27P/1928 W1,1928,1928-11-04,,Appeared,,,27P,,True,True,True,expected_seen,high,False,,27P_1928,perihelion
AERITH,27P,27P/Crommelin,0027P/?,1901,1901-05-14,,Not observed,,,27P,,True,True,False,expected_not_seen,high,False,,27P_1901,perihelion
AERITH,27P,27P/Crommelin,27P/1873 V1,1873,1873-12-02,,Discovered,,,27P,,True,False,True,unexpected_seen,high,False,,27P_1873,perihelion
AERITH,28P,28P/Neujmin 1,28P/1931 S1,1931,1931-04-30,,Appeared,,,28P,,True,True,True,expected_seen,high,False,,28P_1931,perihelion
AERITH,28P,28P/Neujmin 1,28P/1913 R2,1913,1913-08-16,,Discovered,,,28P,,True,False,True,unexpected_seen,high,False,,28P_1913,perihelion
AERITH,29P,29P/Schwassmann-Wachmann 1,29P/1927 V1,1925,1925-05-07,,Discovered,,,29P,,True,False,True,unexpected_seen,high,False,,29P_1925,perihelion
AERITH,29P,29P/Schwassmann-Wachmann 1,29P/1902 E1,1908,1908-10-18,,Appeared before discovery,,,29P,,True,,True,retrospective_pre_discovery,high,False,,29P_1908,perihelion
AERITH,30P,30P/Reinmuth 1,30P/1934 V1,1935,1935-04-29,,Appeared,,,30P,,True,True,True,expected_seen,high,False,,30P_1935,perihelion
AERITH,30P,30P/Reinmuth 1,30P/1928 D1,1928,1928-01-30,,Discovered,,,30P,,True,False,True,unexpected_seen,high,False,,30P_1928,perihelion
AERITH,31P,31P/Schwassmann-Wachmann 2,31P/1934 X1,1935,1935-08-28,,Appeared,,,31P,,True,True,True,expected_seen,high,False,,31P_1935,perihelion
AERITH,31P,31P/Schwassmann-Wachmann 2,31P/1929 B1,1929,1929-03-23,,Discovered,,,31P,,True,False,True,unexpected_seen,high,False,,31P_1929,perihelion
AERITH,32P,32P/Comas Sola,32P/1935 P1,1935,1935-10-06,,Appeared,,,32P,,True,True,True,expected_seen,high,False,,32P_1935,perihelion
AERITH,32P,32P/Comas Sola,32P/1926 V1,1927,1927-03-22,,Discovered,,,32P,,True,False,True,unexpected_seen,high,False,,32P_1927,perihelion
AERITH,33P,33P/Daniel,33P/1937 B1,1937,1937-01-27,,Appeared,,,33P,,True,True,True,expected_seen,high,False,,33P_1937,perihelion
AERITH,33P,33P/Daniel,0033P/?,1930,1930-04-07,,Not observed,,,33P,,True,True,False,expected_not_seen,high,False,,33P_1930,perihelion
AERITH,33P,33P/Daniel,0033P/?,1923,1923-06-13,,Not observed,,,33P,,True,True,False,expected_not_seen,high,False,,33P_1923,perihelion
AERITH,33P,33P/Daniel,0033P/?,1916,1916-08-18,,Not observed,,,33P,,True,True,False,expected_not_seen,high,False,,33P_1916,perihelion
AERITH,33P,33P/Daniel,33P/1909 X1,1909,1909-11-29,,Discovered,,,33P,,True,False,True,unexpected_seen,high,False,,33P_1909,perihelion
AERITH,34D,34D/Gale,34D/1938 J1,1938,1938-06-18,,Appeared,,,34D,,True,True,True,expected_seen,high,False,,34D_1938,perihelion
AERITH,34D,34D/Gale,34D/1927 L1,1927,1927-06-14,,Discovered,,,34D,,True,False,True,unexpected_seen,high,False,,34D_1927,perihelion
AERITH,35P,35P/Herschel-Rigollet,35P/1939 O1,1939,1939-08-09,,Discovered,,,35P,,True,False,True,unexpected_seen,high,False,,35P_1939,perihelion
AERITH,36P,36P/Whipple,36P/1933 U1,1933,1933-08-01,,Discovered,,,36P,,True,False,True,unexpected_seen,high,False,,36P_1933,perihelion
AERITH,36P,36P/Whipple,36P/1925 QD,1926,1926-02-04,,Appeared before discovery,,,36P,,True,,True,retrospective_pre_discovery,high,False,,36P_1926,perihelion
AERITH,37P,37P/Forbes,0037P/?,1935,1935-11-15,,Not observed,,,37P,,True,True,False,expected_not_seen,high,False,,37P_1935,perihelion
AERITH,37P,37P/Forbes,37P/1929 P1,1929,1929-06-26,,Discovered,,,37P,,True,False,True,unexpected_seen,high,False,,37P_1929,perihelion
AERITH,38P,38P/Stephan-Oterma,0038P/?,1904,1904-05-24,,Not observed,,,38P,,True,True,False,expected_not_seen,high,False,,38P_1904,perihelion
AERITH,38P,38P/Stephan-Oterma,38P/1867 B1,1867,1867-01-20,,Discovered,,,38P,,True,False,True,unexpected_seen,high,False,,38P_1867,perihelion
AERITH,40P,40P/Vaisala 1,40P/1939 CB,1939,1939-04-26,,Discovered,,,40P,,True,False,True,unexpected_seen,high,False,,40P_1939,perihelion
AERITH,41P,41P/Tuttle-Giacobini-Kresak,0041P/?,1940,1940-06-03,,Not observed,,,41P,,True,True,False,expected_not_seen,high,False,,41P_1940,perihelion
AERITH,41P,41P/Tuttle-Giacobini-Kresak,0041P/?,1934,1934-12-16,,Not observed,,,41P,,True,True,False,expected_not_seen,high,False,,41P_1934,perihelion
AERITH,41P,41P/Tuttle-Giacobini-Kresak,0041P/?,1929,1929-06-28,,Not observed,,,41P,,True,True,False,expected_not_seen,high,False,,41P_1929,perihelion
AERITH,41P,41P/Tuttle-Giacobini-Kresak,0041P/?,1924,1924-01-07,,Not observed,,,41P,,True,True,False,expected_not_seen,high,False,,41P_1924,perihelion
AERITH,41P,41P/Tuttle-Giacobini-Kresak,0041P/?,1918,1918-07-12,,Not observed,,,41P,,True,True,False,expected_not_seen,high,False,,41P_1918,perihelion
AERITH,41P,41P/Tuttle-Giacobini-Kresak,0041P/?,1912,1912-12-26,,Not observed,,,41P,,True,True,False,expected_not_seen,high,False,,41P_1912,perihelion
AERITH,41P,41P/Tuttle-Giacobini-Kresak,41P/1907 L1,1907,1907-05-29,,Appeared,,,41P,,True,True,True,expected_seen,high,False,,41P_1907,perihelion
AERITH,41P,41P/Tuttle-Giacobini-Kresak,0041P/?,1901,1901-10-28,,Not observed,,,41P,,True,True,False,expected_not_seen,high,False,,41P_1901,perihelion
AERITH,41P,41P/Tuttle-Giacobini-Kresak,0041P/?,1896,1896-02-21,,Not observed,,,41P,,True,True,False,expected_not_seen,high,False,,41P_1896,perihelion
AERITH,41P,41P/Tuttle-Giacobini-Kresak,0041P/?,1890,1890-06-19,,Not observed,,,41P,,True,True,False,expected_not_seen,high,False,,41P_1890,perihelion
AERITH,41P,41P/Tuttle-Giacobini-Kresak,0041P/?,1885,1885-01-30,,Not observed,,,41P,,True,True,False,expected_not_seen,high,False,,41P_1885,perihelion
AERITH,41P,41P/Tuttle-Giacobini-Kresak,0041P/?,1879,1879-09-20,,Not observed,,,41P,,True,True,False,expected_not_seen,high,False,,41P_1879,perihelion
AERITH,41P,41P/Tuttle-Giacobini-Kresak,0041P/?,1874,1874-05-15,,Not observed,,,41P,,True,True,False,expected_not_seen,high,False,,41P_1874,perihelion
AERITH,41P,41P/Tuttle-Giacobini-Kresak,0041P/?,1869,1869-01-09,,Not observed,,,41P,,True,True,False,expected_not_seen,high,False,,41P_1869,perihelion
AERITH,41P,41P/Tuttle-Giacobini-Kresak,0041P/?,1863,1863-09-07,,Not observed,,,41P,,True,True,False,expected_not_seen,high,False,,41P_1863,perihelion
AERITH,41P,41P/Tuttle-Giacobini-Kresak,41P/1858 J1,1858,1858-05-03,,Discovered,,,41P,,True,False,True,unexpected_seen,high,False,,41P_1858,perihelion
AERITH,42P,42P/Neujmin 3,0042P/?,1940,1940-05-13,,Not observed,,,42P,,True,True,False,expected_not_seen,high,False,,42P_1940,perihelion
AERITH,42P,42P/Neujmin 3,42P/1929 P2,1929,1929-06-28,,Discovered,,,42P,,True,False,True,unexpected_seen,high,False,,42P_1929,perihelion
AERITH,43P,43P/Wolf-Harrington,0043P/?,1939,1939-06-25,,Not observed,,,43P,,True,True,False,expected_not_seen,high,False,,43P_1939,perihelion
AERITH,43P,43P/Wolf-Harrington,0043P/?,1932,1932-08-14,,Not observed,,,43P,,True,True,False,expected_not_seen,high,False,,43P_1932,perihelion
AERITH,43P,43P/Wolf-Harrington,43P/1924 Y1,1925,1925-01-11,,Discovered,,,43P,,True,False,True,unexpected_seen,high,False,,43P_1925,perihelion
AERITH,54P,54P/de Vico-Swift-NEAT,0054P/?,1939,1939-12-15,,Not observed,,,54P,,True,True,False,expected_not_seen,high,False,,54P_1939,perihelion
AERITH,54P,54P/de Vico-Swift-NEAT,0054P/?,1933,1933-06-15,,Not observed,,,54P,,True,True,False,expected_not_seen,high,False,,54P_1933,perihelion
AERITH,54P,54P/de Vico-Swift-NEAT,0054P/?,1926,1926-12-16,,Not observed,,,54P,,True,True,False,expected_not_seen,high,False,,54P_1926,perihelion
AERITH,54P,54P/de Vico-Swift-NEAT,0054P/?,1920,1920-06-22,,Not observed,,,54P,,True,True,False,expected_not_seen,high,False,,54P_1920,perihelion
AERITH,54P,54P/de Vico-Swift-NEAT,0054P/?,1913,1913-12-27,,Not observed,,,54P,,True,True,False,expected_not_seen,high,False,,54P_1913,perihelion
AERITH,54P,54P/de Vico-Swift-NEAT,0054P/?,1907,1907-07-19,,Not observed,,,54P,,True,True,False,expected_not_seen,high,False,,54P_1907,perihelion
AERITH,54P,54P/de Vico-Swift-NEAT,0054P/?,1901,1901-02-17,,Not observed,,,54P,,True,True,False,expected_not_seen,high,False,,54P_1901,perihelion
AERITH,54P,54P/de Vico-Swift-NEAT,54P/1894 W1,1894,1894-10-12,,Appeared,,,54P,,True,True,True,expected_seen,high,False,,54P_1894,perihelion
AERITH,54P,54P/de Vico-Swift-NEAT,0054P/?,1888,1888-11-28,,Not observed,,,54P,,True,True,False,expected_not_seen,high,False,,54P_1888,perihelion
AERITH,54P,54P/de Vico-Swift-NEAT,0054P/?,1883,1883-02-01,,Not observed,,,54P,,True,True,False,expected_not_seen,high,False,,54P_1883,perihelion
AERITH,54P,54P/de Vico-Swift-NEAT,0054P/?,1877,1877-07-13,,Not observed,,,54P,,True,True,False,expected_not_seen,high,False,,54P_1877,perihelion
AERITH,54P,54P/de Vico-Swift-NEAT,0054P/?,1872,1872-01-02,,Not observed,,,54P,,True,True,False,expected_not_seen,high,False,,54P_1872,perihelion
AERITH,54P,54P/de Vico-Swift-NEAT,0054P/?,1866,1866-07-07,,Not observed,,,54P,,True,True,False,expected_not_seen,high,False,,54P_1866,perihelion
AERITH,54P,54P/de Vico-Swift-NEAT,0054P/?,1861,1861-01-16,,Not observed,,,54P,,True,True,False,expected_not_seen,high,False,,54P_1861,perihelion
AERITH,54P,54P/de Vico-Swift-NEAT,0054P/?,1855,1855-07-31,,Not observed,,,54P,,True,True,False,expected_not_seen,high,False,,54P_1855,perihelion
AERITH,54P,54P/de Vico-Swift-NEAT,0054P/?,1850,1850-02-14,,Not observed,,,54P,,True,True,False,expected_not_seen,high,False,,54P_1850,perihelion
AERITH,55P,55P/Tempel-Tuttle,0055P/?,1932,1932-07-12,,Not observed,,,55P,,True,True,False,expected_not_seen,high,False,,55P_1932,perihelion
AERITH,55P,55P/Tempel-Tuttle,0055P/?,1899,1899-07-01,,Not observed,,,55P,,True,True,False,expected_not_seen,high,False,,55P_1899,perihelion
AERITH,55P,55P/Tempel-Tuttle,55P/1865 Y1,1866,1866-01-11,,Discovered,,,55P,,True,False,True,unexpected_seen,high,False,,55P_1866,perihelion
AERITH,58P,58P/Jackson-Neujmin,58P/1936 S1,1936,1936-10-03,,Discovered,,,58P,,True,False,True,unexpected_seen,high,False,,58P_1936,perihelion
AERITH,64P,64P/Swift-Gehrels,0064P/?,1935,1935-09-13,,Not observed,,,64P,,True,True,False,expected_not_seen,high,False,,64P_1935,perihelion
AERITH,64P,64P/Swift-Gehrels,0064P/?,1926,1926-06-09,,Not observed,,,64P,,True,True,False,expected_not_seen,high,False,,64P_1926,perihelion
AERITH,64P,64P/Swift-Gehrels,0064P/?,1917,1917-05-08,,Not observed,,,64P,,True,True,False,expected_not_seen,high,False,,64P_1917,perihelion
AERITH,64P,64P/Swift-Gehrels,0064P/?,1908,1908-03-29,,Not observed,,,64P,,True,True,False,expected_not_seen,high,False,,64P_1908,perihelion
AERITH,64P,64P/Swift-Gehrels,0064P/?,1899,1899-02-01,,Not observed,,,64P,,True,True,False,expected_not_seen,high,False,,64P_1899,perihelion
AERITH,64P,64P/Swift-Gehrels,64P/1889 W1,1889,1889-11-30,,Discovered,,,64P,,True,False,True,unexpected_seen,high,False,,64P_1889,perihelion
AERITH,69P,69P/Taylor,0069P/?,1935,1935-09-28,,Not observed,,,69P,,True,True,False,expected_not_seen,high,False,,69P_1935,perihelion
AERITH,69P,69P/Taylor,0069P/?,1928,1928-11-01,,Not observed,,,69P,,True,True,False,expected_not_seen,high,False,,69P_1928,perihelion
AERITH,69P,69P/Taylor,0069P/?,1922,1922-06-17,,Not observed,,,69P,,True,True,False,expected_not_seen,high,False,,69P_1922,perihelion
AERITH,69P,69P/Taylor,69P/1915 W1,1916,1916-01-31,,Discovered,,,69P,,True,False,True,unexpected_seen,high,False,,69P_1916,perihelion
AERITH,72P,72P/Denning-Fujikawa,0072P/?,1934,1934-05-26,,Not observed,,,72P,,True,True,False,expected_not_seen,high,False,,72P_1934,perihelion
AERITH,72P,72P/Denning-Fujikawa,0072P/?,1925,1925-06-30,,Not observed,,,72P,,True,True,False,expected_not_seen,high,False,,72P_1925,perihelion
AERITH,72P,72P/Denning-Fujikawa,0072P/?,1916,1916-10-09,,Not observed,,,72P,,True,True,False,expected_not_seen,high,False,,72P_1916,perihelion
AERITH,72P,72P/Denning-Fujikawa,0072P/?,1908,1908-01-12,,Not observed,,,72P,,True,True,False,expected_not_seen,high,False,,72P_1908,perihelion
AERITH,72P,72P/Denning-Fujikawa,0072P/?,1899,1899-03-16,,Not observed,,,72P,,True,True,False,expected_not_seen,high,False,,72P_1899,perihelion
AERITH,72P,72P/Denning-Fujikawa,0072P/?,1890,1890-05-18,,Not observed,,,72P,,True,True,False,expected_not_seen,high,False,,72P_1890,perihelion
AERITH,72P,72P/Denning-Fujikawa,72P/1881 T1,1881,1881-09-13,,Discovered,,,72P,,True,False,True,unexpected_seen,high,False,,72P_1881,perihelion
AERITH,73P,73P/Schwassmann-Wachmann 3,0073P/?,1935,1935-11-07,,Not observed,,,73P,,True,True,False,expected_not_seen,high,False,,73P_1935,perihelion
AERITH,73P,73P/Schwassmann-Wachmann 3,73P/1930 J1,1930,1930-06-14,,Discovered,,,73P,,True,False,True,unexpected_seen,high,False,,73P_1930,perihelion
AERITH,80P,80P/Peters-Hartley,0080P/?,1933,1933-11-12,,Not observed,,,80P,,True,True,False,expected_not_seen,high,False,,80P_1933,perihelion
AERITH,80P,80P/Peters-Hartley,0080P/?,1925,1925-11-18,,Not observed,,,80P,,True,True,False,expected_not_seen,high,False,,80P_1925,perihelion
AERITH,80P,80P/Peters-Hartley,0080P/?,1917,1917-10-30,,Not observed,,,80P,,True,True,False,expected_not_seen,high,False,,80P_1917,perihelion
AERITH,80P,80P/Peters-Hartley,0080P/?,1909,1909-10-10,,Not observed,,,80P,,True,True,False,expected_not_seen,high,False,,80P_1909,perihelion
AERITH,80P,80P/Peters-Hartley,0080P/?,1901,1901-11-05,,Not observed,,,80P,,True,True,False,expected_not_seen,high,False,,80P_1901,perihelion
AERITH,80P,80P/Peters-Hartley,0080P/?,1893,1893-11-04,,Not observed,,,80P,,True,True,False,expected_not_seen,high,False,,80P_1893,perihelion
AERITH,80P,80P/Peters-Hartley,0080P/?,1885,1885-11-03,,Not observed,,,80P,,True,True,False,expected_not_seen,high,False,,80P_1885,perihelion
AERITH,80P,80P/Peters-Hartley,0080P/?,1877,1877-12-21,,Not observed,,,80P,,True,True,False,expected_not_seen,high,False,,80P_1877,perihelion
AERITH,80P,80P/Peters-Hartley,0080P/?,1870,1870-01-12,,Not observed,,,80P,,True,True,False,expected_not_seen,high,False,,80P_1870,perihelion
AERITH,80P,80P/Peters-Hartley,0080P/?,1862,1862-02-01,,Not observed,,,80P,,True,True,False,expected_not_seen,high,False,,80P_1862,perihelion
AERITH,80P,80P/Peters-Hartley,0080P/?,1854,1854-04-15,,Not observed,,,80P,,True,True,False,expected_not_seen,high,False,,80P_1854,perihelion
AERITH,84P,84P/Giclas,0084P/?,1938,1938-07-13,,Not observed before discovery,,,84P,,True,,False,retrospective_not_observed,high,False,,84P_1938,perihelion
AERITH,84P,84P/Giclas,84P/1931 R1,1931,1931-11-18,,Appeared before discovery,,,84P,,True,,True,retrospective_pre_discovery,high,False,,84P_1931,perihelion
AERITH,95P,95P/(2060) Chiron,95P/(2060),1895,1895-03-16,,Appeared before discovery,,,95P,,True,,True,retrospective_pre_discovery,high,False,,95P_1895,perihelion
AERITH,97P,97P/Metcalf-Brewington,0097P/?,1937,1937-07-28,,Not observed,,,97P,,True,True,False,expected_not_seen,high,False,,97P_1937,perihelion
AERITH,97P,97P/Metcalf-Brewington,0097P/?,1929,1929-11-29,,Not observed,,,97P,,True,True,False,expected_not_seen,high,False,,97P_1929,perihelion
AERITH,97P,97P/Metcalf-Brewington,0097P/?,1922,1922-03-04,,Not observed,,,97P,,True,True,False,expected_not_seen,high,False,,97P_1922,perihelion
AERITH,97P,97P/Metcalf-Brewington,0097P/?,1914,1914-06-07,,Not observed,,,97P,,True,True,False,expected_not_seen,high,False,,97P_1914,perihelion
AERITH,97P,97P/Metcalf-Brewington,97P/1906 V2,1906,1906-10-10,,Discovered,,,97P,,True,False,True,unexpected_seen,high,False,,97P_1906,perihelion
AERITH,109P,109P/Swift-Tuttle,109P/1862 O1,1862,1862-08-23,,Discovered,,,109P,,True,False,True,unexpected_seen,high,False,,109P_1862,perihelion
AERITH,113P,113P/Spitaler,0113P/?,1938,1938-03-11,,Not observed,,,113P,,True,True,False,expected_not_seen,high,False,,113P_1938,perihelion
AERITH,113P,113P/Spitaler,0113P/?,1931,1931-05-21,,Not observed,,,113P,,True,True,False,expected_not_seen,high,False,,113P_1931,perihelion
AERITH,113P,113P/Spitaler,0113P/?,1924,1924-07-08,,Not observed,,,113P,,True,True,False,expected_not_seen,high,False,,113P_1924,perihelion
AERITH,113P,113P/Spitaler,0113P/?,1917,1917-08-30,,Not observed,,,113P,,True,True,False,expected_not_seen,high,False,,113P_1917,perihelion
AERITH,113P,113P/Spitaler,0113P/?,1910,1910-10-24,,Not observed,,,113P,,True,True,False,expected_not_seen,high,False,,113P_1910,perihelion
AERITH,113P,113P/Spitaler,0113P/?,1903,1903-12-15,,Not observed,,,113P,,True,True,False,expected_not_seen,high,False,,113P_1903,perihelion
AERITH,113P,113P/Spitaler,0113P/?,1897,1897-03-01,,Not observed,,,113P,,True,True,False,expected_not_seen,high,False,,113P_1897,perihelion
AERITH,113P,113P/Spitaler,113P/1890 W1,1890,1890-10-27,,Discovered,,,113P,,True,False,True,unexpected_seen,high,False,,113P_1890,perihelion
AERITH,122P,122P/de Vico,0122P/?,1922,1922-04-08,,Not observed,,,122P,,True,True,False,expected_not_seen,high,False,,122P_1922,perihelion
AERITH,139P,139P/Vaisala-Oterma,139P/1939 TN,1939,1939-12-30,,Discovered,,,139P,,True,False,True,unexpected_seen,high,False,,139P_1939,perihelion
AERITH,177P,177P/Barnard 2,177P/1889 M1,1889,1889-06-21,,Discovered,,,177P,,True,False,True,unexpected_seen,high,False,,177P_1889,perihelion
AERITH,202P,202P/Scotti,0202P/?,1936,1936-11-11,,Not observed before discovery,,,202P,,True,,False,retrospective_not_observed,high,False,,202P_1936,perihelion
AERITH,202P,202P/Scotti,P/1929 WW,1930,1930-01-08,,Appeared before discovery,,,202P,,True,,True,retrospective_pre_discovery,high,False,,202P_1930,perihelion
AERITH,205P,205P/Giacobini,0205P/?,1936,1936-03-19,,Not observed,,,205P,,True,True,False,expected_not_seen,high,False,,205P_1936,perihelion
AERITH,205P,205P/Giacobini,0205P/?,1929,1929-09-26,,Not observed,,,205P,,True,True,False,expected_not_seen,high,False,,205P_1929,perihelion
AERITH,205P,205P/Giacobini,0205P/?,1923,1923-04-15,,Not observed,,,205P,,True,True,False,expected_not_seen,high,False,,205P_1923,perihelion
AERITH,205P,205P/Giacobini,0205P/?,1916,1916-09-19,,Not observed,,,205P,,True,True,False,expected_not_seen,high,False,,205P_1916,perihelion
AERITH,205P,205P/Giacobini,0205P/?,1910,1910-02-02,,Not observed,,,205P,,True,True,False,expected_not_seen,high,False,,205P_1910,perihelion
AERITH,205P,205P/Giacobini,0205P/?,1903,1903-06-19,,Not observed,,,205P,,True,True,False,expected_not_seen,high,False,,205P_1903,perihelion
AERITH,205P,205P/Giacobini,205P/1896 R2,1896,1896-10-28,,Discovered,,,205P,,True,False,True,unexpected_seen,high,False,,205P_1896,perihelion
AERITH,206P,206P/Barnard-Boattini,0206P/?,1936,1936-12-22,,Not observed,,,206P,,True,True,False,expected_not_seen,high,False,,206P_1936,perihelion
AERITH,206P,206P/Barnard-Boattini,0206P/?,1931,1931-02-02,,Not observed,,,206P,,True,True,False,expected_not_seen,high,False,,206P_1931,perihelion
AERITH,206P,206P/Barnard-Boattini,0206P/?,1925,1925-02-28,,Not observed,,,206P,,True,True,False,expected_not_seen,high,False,,206P_1925,perihelion
AERITH,206P,206P/Barnard-Boattini,0206P/?,1918,1918-10-20,,Not observed,,,206P,,True,True,False,expected_not_seen,high,False,,206P_1918,perihelion
AERITH,206P,206P/Barnard-Boattini,0206P/?,1912,1912-05-16,,Not observed,,,206P,,True,True,False,expected_not_seen,high,False,,206P_1912,perihelion
AERITH,206P,206P/Barnard-Boattini,0206P/?,1905,1905-12-02,,Not observed,,,206P,,True,True,False,expected_not_seen,high,False,,206P_1905,perihelion
AERITH,206P,206P/Barnard-Boattini,0206P/?,1899,1899-06-07,,Not observed,,,206P,,True,True,False,expected_not_seen,high,False,,206P_1899,perihelion
AERITH,206P,206P/Barnard-Boattini,206P/1892 T1,1892,1892-12-11,,Discovered,,,206P,,True,False,True,unexpected_seen,high,False,,206P_1892,perihelion
AERITH,226P,226P/Pigott-LINEAR-Kowalski,0226P/?,1935,1935-05-13,,Not observed,,,226P,,True,True,False,expected_not_seen,high,False,,226P_1935,perihelion
AERITH,226P,226P/Pigott-LINEAR-Kowalski,0226P/?,1928,1928-10-19,,Not observed,,,226P,,True,True,False,expected_not_seen,high,False,,226P_1928,perihelion
AERITH,226P,226P/Pigott-LINEAR-Kowalski,0226P/?,1922,1922-04-02,,Not observed,,,226P,,True,True,False,expected_not_seen,high,False,,226P_1922,perihelion
AERITH,226P,226P/Pigott-LINEAR-Kowalski,0226P/?,1915,1915-09-15,,Not observed,,,226P,,True,True,False,expected_not_seen,high,False,,226P_1915,perihelion
AERITH,226P,226P/Pigott-LINEAR-Kowalski,0226P/?,1909,1909-03-23,,Not observed,,,226P,,True,True,False,expected_not_seen,high,False,,226P_1909,perihelion
AERITH,226P,226P/Pigott-LINEAR-Kowalski,0226P/?,1902,1902-10-20,,Not observed,,,226P,,True,True,False,expected_not_seen,high,False,,226P_1902,perihelion
AERITH,226P,226P/Pigott-LINEAR-Kowalski,0226P/?,1896,1896-03-31,,Not observed,,,226P,,True,True,False,expected_not_seen,high,False,,226P_1896,perihelion
AERITH,226P,226P/Pigott-LINEAR-Kowalski,0226P/?,1889,1889-07-30,,Not observed,,,226P,,True,True,False,expected_not_seen,high,False,,226P_1889,perihelion
AERITH,226P,226P/Pigott-LINEAR-Kowalski,0226P/?,1882,1882-11-27,,Not observed,,,226P,,True,True,False,expected_not_seen,high,False,,226P_1882,perihelion
AERITH,226P,226P/Pigott-LINEAR-Kowalski,0226P/?,1876,1876-03-19,,Not observed,,,226P,,True,True,False,expected_not_seen,high,False,,226P_1876,perihelion
AERITH,226P,226P/Pigott-LINEAR-Kowalski,0226P/?,1869,1869-07-09,,Not observed,,,226P,,True,True,False,expected_not_seen,high,False,,226P_1869,perihelion
AERITH,226P,226P/Pigott-LINEAR-Kowalski,0226P/?,1862,1862-11-03,,Not observed,,,226P,,True,True,False,expected_not_seen,high,False,,226P_1862,perihelion
AERITH,226P,226P/Pigott-LINEAR-Kowalski,0226P/?,1856,1856-02-29,,Not observed,,,226P,,True,True,False,expected_not_seen,high,False,,226P_1856,perihelion
AERITH,274P,274P/Tombaugh-Tenagra,0274P/?,1940,1940-01-25,,Not observed,,,274P,,True,True,False,expected_not_seen,high,False,,274P_1940,perihelion
AERITH,274P,274P/Tombaugh-Tenagra,274P/1931 AN,1931,1931-01-15,,Discovered,,,274P,,True,False,True,unexpected_seen,high,False,,274P_1931,perihelion
AERITH,289P,289P/Blanpain,0289P/?,1940,1940-11-12,,Not observed,,,289P,,True,True,False,expected_not_seen,high,False,,289P_1940,perihelion
AERITH,289P,289P/Blanpain,0289P/?,1935,1935-08-20,,Not observed,,,289P,,True,True,False,expected_not_seen,high,False,,289P_1935,perihelion
AERITH,289P,289P/Blanpain,0289P/?,1930,1930-05-29,,Not observed,,,289P,,True,True,False,expected_not_seen,high,False,,289P_1930,perihelion
AERITH,289P,289P/Blanpain,0289P/?,1925,1925-03-05,,Not observed,,,289P,,True,True,False,expected_not_seen,high,False,,289P_1925,perihelion
AERITH,289P,289P/Blanpain,0289P/?,1919,1919-12-09,,Not observed,,,289P,,True,True,False,expected_not_seen,high,False,,289P_1919,perihelion
AERITH,289P,289P/Blanpain,0289P/?,1914,1914-09-06,,Not observed,,,289P,,True,True,False,expected_not_seen,high,False,,289P_1914,perihelion
AERITH,289P,289P/Blanpain,0289P/?,1909,1909-03-26,,Not observed,,,289P,,True,True,False,expected_not_seen,high,False,,289P_1909,perihelion
AERITH,289P,289P/Blanpain,0289P/?,1903,1903-09-30,,Not observed,,,289P,,True,True,False,expected_not_seen,high,False,,289P_1903,perihelion
AERITH,289P,289P/Blanpain,0289P/?,1898,1898-04-22,,Not observed,,,289P,,True,True,False,expected_not_seen,high,False,,289P_1898,perihelion
AERITH,289P,289P/Blanpain,0289P/?,1893,1893-01-22,,Not observed,,,289P,,True,True,False,expected_not_seen,high,False,,289P_1893,perihelion
AERITH,289P,289P/Blanpain,0289P/?,1887,1887-10-31,,Not observed,,,289P,,True,True,False,expected_not_seen,high,False,,289P_1887,perihelion
AERITH,289P,289P/Blanpain,0289P/?,1882,1882-08-10,,Not observed,,,289P,,True,True,False,expected_not_seen,high,False,,289P_1882,perihelion
AERITH,289P,289P/Blanpain,0289P/?,1877,1877-05-19,,Not observed,,,289P,,True,True,False,expected_not_seen,high,False,,289P_1877,perihelion
AERITH,289P,289P/Blanpain,0289P/?,1872,1872-02-25,,Not observed,,,289P,,True,True,False,expected_not_seen,high,False,,289P_1872,perihelion
AERITH,289P,289P/Blanpain,0289P/?,1866,1866-11-26,,Not observed,,,289P,,True,True,False,expected_not_seen,high,False,,289P_1866,perihelion
AERITH,289P,289P/Blanpain,0289P/?,1861,1861-07-21,,Not observed,,,289P,,True,True,False,expected_not_seen,high,False,,289P_1861,perihelion
AERITH,289P,289P/Blanpain,0289P/?,1856,1856-03-04,,Not observed,,,289P,,True,True,False,expected_not_seen,high,False,,289P_1856,perihelion
AERITH,289P,289P/Blanpain,0289P/?,1850,1850-11-02,,Not observed,,,289P,,True,True,False,expected_not_seen,high,False,,289P_1850,perihelion
AERITH,489P,489P/Denning,0489P/?,1939,1939-09-15,,Not observed,,,489P,,True,True,False,expected_not_seen,high,False,,489P_1939,perihelion
AERITH,489P,489P/Denning,0489P/?,1931,1931-09-13,,Not observed,,,489P,,True,True,False,expected_not_seen,high,False,,489P_1931,perihelion
AERITH,489P,489P/Denning,0489P/?,1923,1923-09-30,,Not observed,,,489P,,True,True,False,expected_not_seen,high,False,,489P_1923,perihelion
AERITH,489P,489P/Denning,0489P/?,1916,1916-05-29,,Not observed,,,489P,,True,True,False,expected_not_seen,high,False,,489P_1916,perihelion
AERITH,489P,489P/Denning,0489P/?,1908,1908-12-30,,Not observed,,,489P,,True,True,False,expected_not_seen,high,False,,489P_1908,perihelion
AERITH,489P,489P/Denning,0489P/?,1901,1901-07-21,,Not observed,,,489P,,True,True,False,expected_not_seen,high,False,,489P_1901,perihelion
AERITH,489P,489P/Denning,489P/1894 F1,1894,1894-02-09,,Discovered,,,489P,,True,False,True,unexpected_seen,high,False,,489P_1894,perihelion
SBDB,C/1850 J1,C/1850 J1 (Petersen),C/1850 J1 (Petersen),1850,1850-07-24,,Discovered,1850 J1,C,1850 J1,,False,False,True,unexpected_seen,high,False,,C_1850J1_1850,perihelion
SBDB,C/1850 Q1,C/1850 Q1 (Bond),C/1850 Q1 (Bond),1850,1850-10-19,,Discovered,1850 Q1,C,1850 Q1,,False,False,True,unexpected_seen,high,False,,C_1850Q1_1850,perihelion
SBDB,C/1851 P1,C/1851 P1 (Brorsen),C/1851 P1 (Brorsen),1851,1851-08-26,,Discovered,1851 P1,C,1851 P1,,False,False,True,unexpected_seen,high,False,,C_1851P1_1851,perihelion
SBDB,C/1851 U1,C/1851 U1 (Brorsen),C/1851 U1 (Brorsen),1851,1851-10-01,,Discovered,1851 U1,C,1851 U1,,False,False,True,unexpected_seen,high,False,,C_1851U1_1851,perihelion
SBDB,C/1852 K1,C/1852 K1 (Chacornac),C/1852 K1 (Chacornac),1852,1852-04-20,,Discovered,1852 K1,C,1852 K1,,False,False,True,unexpected_seen,high,False,,C_1852K1_1852,perihelion
SBDB,C/1853 E1,C/1853 E1 (Secchi),C/1853 E1 (Secchi),1853,1853-02-24,,Discovered,1853 E1,C,1853 E1,,False,False,True,unexpected_seen,high,False,,C_1853E1_1853,perihelion
SBDB,C/1853 G1,C/1853 G1 (Schweizer),C/1853 G1 (Schweizer),1853,1853-05-10,,Discovered,1853 G1,C,1853 G1,,False,False,True,unexpected_seen,high,False,,C_1853G1_1853,perihelion
SBDB,C/1853 L1,C/1853 L1 (Klinkerfues),C/1853 L1 (Klinkerfues),1853,1853-09-02,,Discovered,1853 L1,C,1853 L1,,False,False,True,unexpected_seen,high,False,,C_1853L1_1853,perihelion
SBDB,C/1853 R1,C/1853 R1 (Bruhns),C/1853 R1 (Bruhns),1853,1853-10-17,,Discovered,1853 R1,C,1853 R1,,False,False,True,unexpected_seen,high,False,,C_1853R1_1853,perihelion
SBDB,C/1853 W1,C/1853 W1 (van Arsdale),C/1853 W1 (van Arsdale),1854,1854-01-04,,Discovered,1853 W1,C,1853 W1,,False,False,True,unexpected_seen,high,False,,C_1853W1_1854,perihelion
SBDB,C/1854 F1,C/1854 F1 (Great comet),C/1854 F1 (Great comet),1854,1854-03-24,,Discovered,1854 F1,C,1854 F1,,False,False,True,unexpected_seen,high,False,,C_1854F1_1854,perihelion
SBDB,C/1854 L1,C/1854 L1 (Klinkerfues),C/1854 L1 (Klinkerfues),1854,1854-06-22,,Discovered,1854 L1,C,1854 L1,,False,False,True,unexpected_seen,high,False,,C_1854L1_1854,perihelion
SBDB,C/1854 R1,C/1854 R1 (Klinkerfues),C/1854 R1 (Klinkerfues),1854,1854-10-28,,Discovered,1854 R1,C,1854 R1,,False,False,True,unexpected_seen,high,False,,C_1854R1_1854,perihelion
SBDB,C/1854 Y1,C/1854 Y1 (Winnecke-Dien),C/1854 Y1 (Winnecke-Dien),1854,1854-12-16,,Discovered,1854 Y1,C,1854 Y1,,False,False,True,unexpected_seen,high,False,,C_1854Y1_1854,perihelion
SBDB,C/1855 G1,C/1855 G1 (Schweizer),C/1855 G1 (Schweizer),1855,1855-02-05,,Discovered,1855 G1,C,1855 G1,,False,False,True,unexpected_seen,high,False,,C_1855G1_1855,perihelion
SBDB,C/1855 L1,C/1855 L1 (Donati),C/1855 L1 (Donati),1855,1855-05-30,,Discovered,1855 L1,C,1855 L1,,False,False,True,unexpected_seen,high,False,,C_1855L1_1855,perihelion
SBDB,C/1855 V1,C/1855 V1 (Bruhns),C/1855 V1 (Bruhns),1855,1855-11-25,,Discovered,1855 V1,C,1855 V1,,False,False,True,unexpected_seen,high,False,,C_1855V1_1855,perihelion
SBDB,C/1857 D1,C/1857 D1 (d'Arrest),C/1857 D1 (d'Arrest),1857,1857-03-21,,Discovered,1857 D1,C,1857 D1,,False,False,True,unexpected_seen,high,False,,C_1857D1_1857,perihelion
SBDB,C/1857 M1,C/1857 M1 (Klinkerfues),C/1857 M1 (Klinkerfues),1857,1857-07-18,,Discovered,1857 M1,C,1857 M1,,False,False,True,unexpected_seen,high,False,,C_1857M1_1857,perihelion
SBDB,C/1857 O1,C/1857 O1 (Peters),C/1857 O1 (Peters),1857,1857-08-24,,Discovered,1857 O1,C,1857 O1,,False,False,True,unexpected_seen,high,False,,C_1857O1_1857,perihelion
SBDB,C/1857 Q1,C/1857 Q1 (Klinkerfues),C/1857 Q1 (Klinkerfues),1857,1857-10-01,,Discovered,1857 Q1,C,1857 Q1,,False,False,True,unexpected_seen,high,False,,C_1857Q1_1857,perihelion
SBDB,C/1857 V1,C/1857 V1 (Donati-van Arsdale),C/1857 V1 (Donati-van Arsdale),1857,1857-11-19,,Discovered,1857 V1,C,1857 V1,,False,False,True,unexpected_seen,high,False,,C_1857V1_1857,perihelion
SBDB,C/1858 K1,C/1858 K1 (Bruhns),C/1858 K1 (Bruhns),1858,1858-06-05,,Discovered,1858 K1,C,1858 K1,,False,False,True,unexpected_seen,high,False,,C_1858K1_1858,perihelion
SBDB,C/1858 L1,C/1858 L1 (Donati),C/1858 L1 (Donati),1858,1858-09-30,,Discovered,1858 L1,C,1858 L1,,False,False,True,unexpected_seen,high,False,,C_1858L1_1858,perihelion
SBDB,C/1858 R1,C/1858 R1 (Tuttle),C/1858 R1 (Tuttle),1858,1858-10-13,,Discovered,1858 R1,C,1858 R1,,False,False,True,unexpected_seen,high,False,,C_1858R1_1858,perihelion
SBDB,C/1859 G1,C/1859 G1 (Tempel),C/1859 G1 (Tempel),1859,1859-05-29,,Discovered,1859 G1,C,1859 G1,,False,False,True,unexpected_seen,high,False,,C_1859G1_1859,perihelion
SBDB,C/1860 D1,C/1860 D1 (Liais),C/1860 D1 (Liais),1860,1860-02-17,,Discovered,1860 D1,C,1860 D1-A,"1860 D1-A,1860 D1-B",False,False,True,unexpected_seen,high,False,,C_1860D1_1860,perihelion
SBDB,C/1860 H1,C/1860 H1 (Rumker),C/1860 H1 (Rumker),1860,1860-03-06,,Discovered,1860 H1,C,1860 H1,,False,False,True,unexpected_seen,high,False,,C_1860H1_1860,perihelion
SBDB,C/1860 M1,C/1860 M1 (Great comet),C/1860 M1 (Great comet),1860,1860-06-16,,Discovered,1860 M1,C,1860 M1,,False,False,True,unexpected_seen,high,False,,C_1860M1_1860,perihelion
SBDB,C/1860 U1,C/1860 U1 (Tempel),C/1860 U1 (Tempel),1860,1860-09-22,,Discovered,1860 U1,C,1860 U1,,False,False,True,unexpected_seen,high,False,,C_1860U1_1860,perihelion
SBDB,C/1861 G1,C/1861 G1 (Thatcher),C/1861 G1 (Thatcher),1861,1861-06-03,,Discovered,1861 G1,C,1861 G1,,False,False,True,unexpected_seen,high,False,,C_1861G1_1861,perihelion
SBDB,C/1861 J1,C/1861 J1 (Great comet),C/1861 J1 (Great comet),1861,1861-06-12,,Discovered,1861 J1,C,1861 J1,,False,False,True,unexpected_seen,high,False,,C_1861J1_1861,perihelion
SBDB,C/1861 Y1,C/1861 Y1 (Tuttle),C/1861 Y1 (Tuttle),1861,1861-12-07,,Discovered,1861 Y1,C,1861 Y1,,False,False,True,unexpected_seen,high,False,,C_1861Y1_1861,perihelion
SBDB,C/1862 N1,C/1862 N1 (Schmidt),C/1862 N1 (Schmidt),1862,1862-06-22,,Discovered,1862 N1,C,1862 N1,,False,False,True,unexpected_seen,high,False,,C_1862N1_1862,perihelion
SBDB,C/1862 W1,C/1862 W1 (Respighi),C/1862 W1 (Respighi),1862,1862-12-28,,Discovered,1862 W1,C,1862 W1,,False,False,True,unexpected_seen,high,False,,C_1862W1_1862,perihelion
SBDB,C/1862 X1,C/1862 X1 (Bruhns),C/1862 X1 (Bruhns),1863,1863-02-03,,Discovered,1862 X1,C,1862 X1,,False,False,True,unexpected_seen,high,False,,C_1862X1_1863,perihelion
SBDB,C/1863 G1,C/1863 G1 (Klinkerfues),C/1863 G1 (Klinkerfues),1863,1863-04-05,,Discovered,1863 G1,C,1863 G1,,False,False,True,unexpected_seen,high,False,,C_1863G1_1863,perihelion
SBDB,C/1863 G2,C/1863 G2 (Respighi),C/1863 G2 (Respighi),1863,1863-04-21,,Discovered,1863 G2,C,1863 G2,,False,False,True,unexpected_seen,high,False,,C_1863G2_1863,perihelion
SBDB,C/1863 T1,C/1863 T1 (Baeker),C/1863 T1 (Baeker),1863,1863-12-29,,Discovered,1863 T1,C,1863 T1,,False,False,True,unexpected_seen,high,False,,C_1863T1_1863,perihelion
SBDB,C/1863 V1,C/1863 V1 (Tempel),C/1863 V1 (Tempel),1863,1863-11-09,,Discovered,1863 V1,C,1863 V1,,False,False,True,unexpected_seen,high,False,,C_1863V1_1863,perihelion
SBDB,C/1863 Y1,C/1863 Y1 (Respighi),C/1863 Y1 (Respighi),1863,1863-12-28,,Discovered,1863 Y1,C,1863 Y1,,False,False,True,unexpected_seen,high,False,,C_1863Y1_1863,perihelion
SBDB,C/1864 N1,C/1864 N1 (Tempel),C/1864 N1 (Tempel),1864,1864-08-16,,Discovered,1864 N1,C,1864 N1,,False,False,True,unexpected_seen,high,False,,C_1864N1_1864,perihelion
SBDB,C/1864 O1,C/1864 O1 (Donati-Toussaint),C/1864 O1 (Donati-Toussaint),1864,1864-10-11,,Discovered,1864 O1,C,1864 O1,,False,False,True,unexpected_seen,high,False,,C_1864O1_1864,perihelion
SBDB,C/1864 R1,C/1864 R1 (Donati),C/1864 R1 (Donati),1864,1864-07-28,,Discovered,1864 R1,C,1864 R1,,False,False,True,unexpected_seen,high,False,,C_1864R1_1864,perihelion
SBDB,C/1864 X1,C/1864 X1 (Baeker),C/1864 X1 (Baeker),1864,1864-12-22,,Discovered,1864 X1,C,1864 X1,,False,False,True,unexpected_seen,high,False,,C_1864X1_1864,perihelion
SBDB,C/1864 Y1,C/1864 Y1 (Bruhns),C/1864 Y1 (Bruhns),1864,1864-12-28,,Discovered,1864 Y1,C,1864 Y1,,False,False,True,unexpected_seen,high,False,,C_1864Y1_1864,perihelion
SBDB,C/1865 B1,C/1865 B1 (Great southern comet),C/1865 B1 (Great southern comet),1865,1865-01-14,,Discovered,1865 B1,C,1865 B1,,False,False,True,unexpected_seen,high,False,,C_1865B1_1865,perihelion
SBDB,C/1867 S1,C/1867 S1 (Baeker-Winnecke),C/1867 S1 (Baeker-Winnecke),1867,1867-11-07,,Discovered,1867 S1,C,1867 S1,,False,False,True,unexpected_seen,high,False,,C_1867S1_1867,perihelion
SBDB,C/1868 L1,C/1868 L1 (Winnecke),C/1868 L1 (Winnecke),1868,1868-06-26,,Discovered,1868 L1,C,1868 L1,,False,False,True,unexpected_seen,high,False,,C_1868L1_1868,perihelion
SBDB,C/1869 T1,C/1869 T1 (Tempel),C/1869 T1 (Tempel),1869,1869-10-10,,Discovered,1869 T1,C,1869 T1,,False,False,True,unexpected_seen,high,False,,C_1869T1_1869,perihelion
SBDB,C/1870 K1,C/1870 K1 (Winnecke),C/1870 K1 (Winnecke),1870,1870-07-14,,Discovered,1870 K1,C,1870 K1,,False,False,True,unexpected_seen,high,False,,C_1870K1_1870,perihelion
SBDB,C/1870 Q1,C/1870 Q1 (Coggia),C/1870 Q1 (Coggia),1870,1870-09-02,,Discovered,1870 Q1,C,1870 Q1,,False,False,True,unexpected_seen,high,False,,C_1870Q1_1870,perihelion
SBDB,C/1870 W1,C/1870 W1 (Winnecke),C/1870 W1 (Winnecke),1870,1870-12-20,,Discovered,1870 W1,C,1870 W1,,False,False,True,unexpected_seen,high,False,,C_1870W1_1870,perihelion
SBDB,C/1871 G1,C/1871 G1 (Winnecke),C/1871 G1 (Winnecke),1871,1871-06-11,,Discovered,1871 G1,C,1871 G1,,False,False,True,unexpected_seen,high,False,,C_1871G1_1871,perihelion
SBDB,C/1871 L1,C/1871 L1 (Tempel),C/1871 L1 (Tempel),1871,1871-07-27,,Discovered,1871 L1,C,1871 L1,,False,False,True,unexpected_seen,high,False,,C_1871L1_1871,perihelion
SBDB,C/1871 V1,C/1871 V1 (Tempel),C/1871 V1 (Tempel),1871,1871-12-20,,Discovered,1871 V1,C,1871 V1,,False,False,True,unexpected_seen,high,False,,C_1871V1_1871,perihelion
SBDB,C/1873 Q1,C/1873 Q1 (Borrelly),C/1873 Q1 (Borrelly),1873,1873-09-11,,Discovered,1873 Q1,C,1873 Q1,,False,False,True,unexpected_seen,high,False,,C_1873Q1_1873,perihelion
SBDB,C/1873 Q2,C/1873 Q2 (Henry),C/1873 Q2 (Henry),1873,1873-10-02,,Discovered,1873 Q2,C,1873 Q2,,False,False,True,unexpected_seen,high,False,,C_1873Q2_1873,perihelion
SBDB,C/1874 D1,C/1874 D1 (Winnecke),C/1874 D1 (Winnecke),1874,1874-03-10,,Discovered,1874 D1,C,1874 D1,,False,False,True,unexpected_seen,high,False,,C_1874D1_1874,perihelion
SBDB,C/1874 G1,C/1874 G1 (Winnecke),C/1874 G1 (Winnecke),1874,1874-03-14,,Discovered,1874 G1,C,1874 G1,,False,False,True,unexpected_seen,high,False,,C_1874G1_1874,perihelion
SBDB,C/1874 H1,C/1874 H1 (Coggia),C/1874 H1 (Coggia),1874,1874-07-09,,Discovered,1874 H1,C,1874 H1,,False,False,True,unexpected_seen,high,False,,C_1874H1_1874,perihelion
SBDB,C/1874 O1,C/1874 O1 (Borrelly),C/1874 O1 (Borrelly),1874,1874-08-27,,Discovered,1874 O1,C,1874 O1,,False,False,True,unexpected_seen,high,False,,C_1874O1_1874,perihelion
SBDB,C/1874 Q1,C/1874 Q1 (Coggia),C/1874 Q1 (Coggia),1874,1874-07-18,,Discovered,1874 Q1,C,1874 Q1,,False,False,True,unexpected_seen,high,False,,C_1874Q1_1874,perihelion
SBDB,C/1874 X1,C/1874 X1 (Borrelly),C/1874 X1 (Borrelly),1874,1874-10-19,,Discovered,1874 X1,C,1874 X1,,False,False,True,unexpected_seen,high,False,,C_1874X1_1874,perihelion
SBDB,C/1877 C1,C/1877 C1 (Borrelly),C/1877 C1 (Borrelly),1877,1877-01-19,,Discovered,1877 C1,C,1877 C1,,False,False,True,unexpected_seen,high,False,,C_1877C1_1877,perihelion
SBDB,C/1877 G1,C/1877 G1 (Winnecke),C/1877 G1 (Winnecke),1877,1877-04-18,,Discovered,1877 G1,C,1877 G1,,False,False,True,unexpected_seen,high,False,,C_1877G1_1877,perihelion
SBDB,C/1877 G2,C/1877 G2 (Swift),C/1877 G2 (Swift),1877,1877-04-27,,Discovered,1877 G2,C,1877 G2,,False,False,True,unexpected_seen,high,False,,C_1877G2_1877,perihelion
SBDB,C/1877 R1,C/1877 R1 (Coggia),C/1877 R1 (Coggia),1877,1877-09-11,,Discovered,1877 R1,C,1877 R1,,False,False,True,unexpected_seen,high,False,,C_1877R1_1877,perihelion
SBDB,C/1877 T1,C/1877 T1 (Tempel),C/1877 T1 (Tempel),1877,1877-06-27,,Discovered,1877 T1,C,1877 T1,,False,False,True,unexpected_seen,high,False,,C_1877T1_1877,perihelion
SBDB,C/1878 N1,C/1878 N1 (Swift),C/1878 N1 (Swift),1878,1878-07-21,,Discovered,1878 N1,C,1878 N1,,False,False,True,unexpected_seen,high,False,,C_1878N1_1878,perihelion
SBDB,C/1879 M1,C/1879 M1 (Swift),C/1879 M1 (Swift),1879,1879-04-27,,Discovered,1879 M1,C,1879 M1,,False,False,True,unexpected_seen,high,False,,C_1879M1_1879,perihelion
SBDB,C/1879 Q1,C/1879 Q1 (Palisa),C/1879 Q1 (Palisa),1879,1879-10-05,,Discovered,1879 Q1,C,1879 Q1,,False,False,True,unexpected_seen,high,False,,C_1879Q1_1879,perihelion
SBDB,C/1879 Q2,C/1879 Q2 (Hartwig),C/1879 Q2 (Hartwig),1879,1879-08-29,,Discovered,1879 Q2,C,1879 Q2,,False,False,True,unexpected_seen,high,False,,C_1879Q2_1879,perihelion
SBDB,C/1880 C1,C/1880 C1 (Great southern comet),C/1880 C1 (Great southern comet),1880,1880-01-28,,Discovered,1880 C1,C,1880 C1,,False,False,True,unexpected_seen,high,False,,C_1880C1_1880,perihelion
SBDB,C/1880 G1,C/1880 G1 (Schaeberle),C/1880 G1 (Schaeberle),1880,1880-07-02,,Discovered,1880 G1,C,1880 G1,,False,False,True,unexpected_seen,high,False,,C_1880G1_1880,perihelion
SBDB,C/1880 S1,C/1880 S1 (Hartwig),C/1880 S1 (Hartwig),1880,1880-09-07,,Discovered,1880 S1,C,1880 S1,,False,False,True,unexpected_seen,high,False,,C_1880S1_1880,perihelion
SBDB,C/1880 Y1,C/1880 Y1 (Pechule),C/1880 Y1 (Pechule),1880,1880-11-09,,Discovered,1880 Y1,C,1880 Y1,,False,False,True,unexpected_seen,high,False,,C_1880Y1_1880,perihelion
SBDB,C/1881 J1,C/1881 J1 (Swift),C/1881 J1 (Swift),1881,1881-05-20,,Discovered,1881 J1,C,1881 J1,,False,False,True,unexpected_seen,high,False,,C_1881J1_1881,perihelion
SBDB,C/1881 K1,C/1881 K1 (Great comet),C/1881 K1 (Great comet),1881,1881-06-16,,Discovered,1881 K1,C,1881 K1,,False,False,True,unexpected_seen,high,False,,C_1881K1_1881,perihelion
SBDB,C/1881 N1,C/1881 N1 (Schaeberle),C/1881 N1 (Schaeberle),1881,1881-08-22,,Discovered,1881 N1,C,1881 N1,,False,False,True,unexpected_seen,high,False,,C_1881N1_1881,perihelion
SBDB,C/1881 S1,C/1881 S1 (Barnard),C/1881 S1 (Barnard),1881,1881-09-14,,Discovered,1881 S1,C,1881 S1,,False,False,True,unexpected_seen,high,False,,C_1881S1_1881,perihelion
SBDB,C/1881 W1,C/1881 W1 (Swift),C/1881 W1 (Swift),1881,1881-11-20,,Discovered,1881 W1,C,1881 W1,,False,False,True,unexpected_seen,high,False,,C_1881W1_1881,perihelion
SBDB,C/1882 F1,C/1882 F1 (Wells),C/1882 F1 (Wells),1882,1882-06-11,,Discovered,1882 F1,C,1882 F1,,False,False,True,unexpected_seen,high,False,,C_1882F1_1882,perihelion
SBDB,C/1882 R1,C/1882 R1 (Great September comet),C/1882 R1 (Great September comet),1882,1882-09-17,,Discovered,1882 R1,C,1882 R1-A,"1882 R1-A,1882 R1-B,1882 R1-C,1882 R1-D",False,False,True,unexpected_seen,high,False,,C_1882R1_1882,perihelion
SBDB,C/1882 R2,C/1882 R2 (Barnard),C/1882 R2 (Barnard),1882,1882-11-13,,Discovered,1882 R2,C,1882 R2,,False,False,True,unexpected_seen,high,False,,C_1882R2_1882,perihelion
SBDB,C/1883 D1,C/1883 D1 (Brooks-Swift),C/1883 D1 (Brooks-Swift),1883,1883-02-19,,Discovered,1883 D1,C,1883 D1,,False,False,True,unexpected_seen,high,False,,C_1883D1_1883,perihelion
SBDB,C/1884 A1,C/1884 A1 (Ross),C/1884 A1 (Ross),1883,1883-12-25,,Discovered,1884 A1,C,1884 A1,,False,False,True,unexpected_seen,high,False,,C_1884A1_1883,perihelion
SBDB,C/1885 N1,C/1885 N1 (Barnard),C/1885 N1 (Barnard),1885,1885-08-06,,Discovered,1885 N1,C,1885 N1,,False,False,True,unexpected_seen,high,False,,C_1885N1_1885,perihelion
SBDB,C/1885 R1,C/1885 R1 (Brooks),C/1885 R1 (Brooks),1885,1885-08-10,,Discovered,1885 R1,C,1885 R1,,False,False,True,unexpected_seen,high,False,,C_1885R1_1885,perihelion
SBDB,C/1885 X1,C/1885 X1 (Fabry),C/1885 X1 (Fabry),1886,1886-04-06,,Discovered,1885 X1,C,1885 X1,,False,False,True,unexpected_seen,high,False,,C_1885X1_1886,perihelion
SBDB,C/1885 X2,C/1885 X2 (Barnard),C/1885 X2 (Barnard),1886,1886-05-03,,Discovered,1885 X2,C,1885 X2,,False,False,True,unexpected_seen,high,False,,C_1885X2_1886,perihelion
SBDB,C/1885 Y1,C/1885 Y1 (Brooks),C/1885 Y1 (Brooks),1885,1885-11-25,,Discovered,1885 Y1,C,1885 Y1,,False,False,True,unexpected_seen,high,False,,C_1885Y1_1885,perihelion
SBDB,C/1886 H1,C/1886 H1 (Brooks),C/1886 H1 (Brooks),1886,1886-06-07,,Discovered,1886 H1,C,1886 H1,,False,False,True,unexpected_seen,high,False,,C_1886H1_1886,perihelion
SBDB,C/1886 J1,C/1886 J1 (Brooks),C/1886 J1 (Brooks),1886,1886-05-04,,Discovered,1886 J1,C,1886 J1,,False,False,True,unexpected_seen,high,False,,C_1886J1_1886,perihelion
SBDB,C/1886 T1,C/1886 T1 (Barnard-Hartwig),C/1886 T1 (Barnard-Hartwig),1886,1886-12-16,,Discovered,1886 T1,C,1886 T1,,False,False,True,unexpected_seen,high,False,,C_1886T1_1886,perihelion
SBDB,C/1887 B1,C/1887 B1 (Great southern comet),C/1887 B1 (Great southern comet),1887,1887-01-11,,Discovered,1887 B1,C,1887 B1,,False,False,True,unexpected_seen,high,False,,C_1887B1_1887,perihelion
SBDB,C/1887 B2,C/1887 B2 (Brooks),C/1887 B2 (Brooks),1887,1887-03-17,,Discovered,1887 B2,C,1887 B2,,False,False,True,unexpected_seen,high,False,,C_1887B2_1887,perihelion
SBDB,C/1887 B3,C/1887 B3 (Barnard),C/1887 B3 (Barnard),1886,1886-11-28,,Discovered,1887 B3,C,1887 B3,,False,False,True,unexpected_seen,high,False,,C_1887B3_1886,perihelion
SBDB,C/1887 D1,C/1887 D1 (Barnard),C/1887 D1 (Barnard),1887,1887-03-28,,Discovered,1887 D1,C,1887 D1,,False,False,True,unexpected_seen,high,False,,C_1887D1_1887,perihelion
SBDB,C/1887 J1,C/1887 J1 (Barnard),C/1887 J1 (Barnard),1887,1887-06-17,,Discovered,1887 J1,C,1887 J1,,False,False,True,unexpected_seen,high,False,,C_1887J1_1887,perihelion
SBDB,C/1888 D1,C/1888 D1 (Sawerthal),C/1888 D1 (Sawerthal),1888,1888-03-17,,Discovered,1888 D1,C,1888 D1,,False,False,True,unexpected_seen,high,False,,C_1888D1_1888,perihelion
SBDB,C/1888 P1,C/1888 P1 (Brooks),C/1888 P1 (Brooks),1888,1888-07-31,,Discovered,1888 P1,C,1888 P1,,False,False,True,unexpected_seen,high,False,,C_1888P1_1888,perihelion
SBDB,C/1888 R1,C/1888 R1 (Barnard),C/1888 R1 (Barnard),1889,1889-01-31,,Discovered,1888 R1,C,1888 R1,,False,False,True,unexpected_seen,high,False,,C_1888R1_1889,perihelion
SBDB,C/1888 U1,C/1888 U1 (Barnard),C/1888 U1 (Barnard),1888,1888-09-13,,Discovered,1888 U1,C,1888 U1,,False,False,True,unexpected_seen,high,False,,C_1888U1_1888,perihelion
SBDB,C/1889 G1,C/1889 G1 (Barnard),C/1889 G1 (Barnard),1889,1889-06-11,,Discovered,1889 G1,C,1889 G1,,False,False,True,unexpected_seen,high,False,,C_1889G1_1889,perihelion
SBDB,C/1889 O1,C/1889 O1 (Davidson),C/1889 O1 (Davidson),1889,1889-07-19,,Discovered,1889 O1,C,1889 O1,,False,False,True,unexpected_seen,high,False,,C_1889O1_1889,perihelion
SBDB,C/1889 X1,C/1889 X1 (Borrelly),C/1889 X1 (Borrelly),1890,1890-01-26,,Discovered,1889 X1,C,1889 X1,,False,False,True,unexpected_seen,high,False,,C_1889X1_1890,perihelion
SBDB,C/1890 F1,C/1890 F1 (Brooks),C/1890 F1 (Brooks),1890,1890-06-02,,Discovered,1890 F1,C,1890 F1,,False,False,True,unexpected_seen,high,False,,C_1890F1_1890,perihelion
SBDB,C/1890 O1,C/1890 O1 (Coggia),C/1890 O1 (Coggia),1890,1890-07-09,,Discovered,1890 O1,C,1890 O1,,False,False,True,unexpected_seen,high,False,,C_1890O1_1890,perihelion
SBDB,C/1890 O2,C/1890 O2 (Denning),C/1890 O2 (Denning),1890,1890-09-25,,Discovered,1890 O2,C,1890 O2,,False,False,True,unexpected_seen,high,False,,C_1890O2_1890,perihelion
SBDB,C/1890 V1,C/1890 V1 (Zona),C/1890 V1 (Zona),1890,1890-08-06,,Discovered,1890 V1,C,1890 V1,,False,False,True,unexpected_seen,high,False,,C_1890V1_1890,perihelion
SBDB,C/1891 F1,C/1891 F1 (Barnard-Denning),C/1891 F1 (Barnard-Denning),1891,1891-04-28,,Discovered,1891 F1,C,1891 F1,,False,False,True,unexpected_seen,high,False,,C_1891F1_1891,perihelion
SBDB,C/1891 T1,C/1891 T1 (Barnard),C/1891 T1 (Barnard),1891,1891-11-14,,Discovered,1891 T1,C,1891 T1,,False,False,True,unexpected_seen,high,False,,C_1891T1_1891,perihelion
SBDB,C/1892 E1,C/1892 E1 (Swift),C/1892 E1 (Swift),1892,1892-04-07,,Discovered,1892 E1,C,1892 E1,,False,False,True,unexpected_seen,high,False,,C_1892E1_1892,perihelion
SBDB,C/1892 F1,C/1892 F1 (Denning),C/1892 F1 (Denning),1892,1892-05-11,,Discovered,1892 F1,C,1892 F1,,False,False,True,unexpected_seen,high,False,,C_1892F1_1892,perihelion
SBDB,C/1892 Q1,C/1892 Q1 (Brooks),C/1892 Q1 (Brooks),1892,1892-12-28,,Discovered,1892 Q1,C,1892 Q1,,False,False,True,unexpected_seen,high,False,,C_1892Q1_1892,perihelion
SBDB,C/1892 W1,C/1892 W1 (Brooks),C/1892 W1 (Brooks),1893,1893-01-06,,Discovered,1892 W1,C,1892 W1,,False,False,True,unexpected_seen,high,False,,C_1892W1_1893,perihelion
SBDB,C/1893 N1,C/1893 N1 (Rordame-Quenisset),C/1893 N1 (Rordame-Quenisset),1893,1893-07-07,,Discovered,1893 N1,C,1893 N1,,False,False,True,unexpected_seen,high,False,,C_1893N1_1893,perihelion
SBDB,C/1893 U1,C/1893 U1 (Brooks),C/1893 U1 (Brooks),1893,1893-09-19,,Discovered,1893 U1,C,1893 U1,,False,False,True,unexpected_seen,high,False,,C_1893U1_1893,perihelion
SBDB,C/1894 G1,C/1894 G1 (Gale),C/1894 G1 (Gale),1894,1894-04-13,,Discovered,1894 G1,C,1894 G1,,False,False,True,unexpected_seen,high,False,,C_1894G1_1894,perihelion
SBDB,C/1895 W1,C/1895 W1 (Perrine),C/1895 W1 (Perrine),1895,1895-12-18,,Discovered,1895 W1,C,1895 W1,,False,False,True,unexpected_seen,high,False,,C_1895W1_1895,perihelion
SBDB,C/1895 W2,C/1895 W2 (Brooks),C/1895 W2 (Brooks),1895,1895-10-21,,Discovered,1895 W2,C,1895 W2,,False,False,True,unexpected_seen,high,False,,C_1895W2_1895,perihelion
SBDB,C/1896 C1,C/1896 C1 (Perrine-Lamp),C/1896 C1 (Perrine-Lamp),1896,1896-02-01,,Discovered,1896 C1,C,1896 C1,,False,False,True,unexpected_seen,high,False,,C_1896C1_1896,perihelion
SBDB,C/1896 G1,C/1896 G1 (Swift),C/1896 G1 (Swift),1896,1896-04-18,,Discovered,1896 G1,C,1896 G1,,False,False,True,unexpected_seen,high,False,,C_1896G1_1896,perihelion
SBDB,C/1896 R1,C/1896 R1 (Sperra),C/1896 R1 (Sperra),1896,1896-07-11,,Discovered,1896 R1,C,1896 R1,,False,False,True,unexpected_seen,high,False,,C_1896R1_1896,perihelion
SBDB,C/1896 V1,C/1896 V1 (Perrine),C/1896 V1 (Perrine),1897,1897-02-08,,Discovered,1896 V1,C,1896 V1,,False,False,True,unexpected_seen,high,False,,C_1896V1_1897,perihelion
SBDB,C/1897 U1,C/1897 U1 (Perrine),C/1897 U1 (Perrine),1897,1897-12-09,,Discovered,1897 U1,C,1897 U1,,False,False,True,unexpected_seen,high,False,,C_1897U1_1897,perihelion
SBDB,C/1898 F1,C/1898 F1 (Perrine),C/1898 F1 (Perrine),1898,1898-03-17,,Discovered,1898 F1,C,1898 F1,,False,False,True,unexpected_seen,high,False,,C_1898F1_1898,perihelion
SBDB,C/1898 L1,C/1898 L1 (Coddington-Pauly),C/1898 L1 (Coddington-Pauly),1898,1898-09-14,,Discovered,1898 L1,C,1898 L1,,False,False,True,unexpected_seen,high,False,,C_1898L1_1898,perihelion
SBDB,C/1898 L2,C/1898 L2 (Perrine),C/1898 L2 (Perrine),1898,1898-08-16,,Discovered,1898 L2,C,1898 L2,,False,False,True,unexpected_seen,high,False,,C_1898L2_1898,perihelion
SBDB,C/1898 M1,C/1898 M1 (Giacobini),C/1898 M1 (Giacobini),1898,1898-07-25,,Discovered,1898 M1,C,1898 M1,,False,False,True,unexpected_seen,high,False,,C_1898M1_1898,perihelion
SBDB,C/1898 R1,C/1898 R1 (Perrine-Chofardet),C/1898 R1 (Perrine-Chofardet),1898,1898-10-21,,Discovered,1898 R1,C,1898 R1,,False,False,True,unexpected_seen,high,False,,C_1898R1_1898,perihelion
SBDB,C/1898 U1,C/1898 U1 (Brooks),C/1898 U1 (Brooks),1898,1898-11-23,,Discovered,1898 U1,C,1898 U1,,False,False,True,unexpected_seen,high,False,,C_1898U1_1898,perihelion
SBDB,C/1898 V1,C/1898 V1 (Chase),C/1898 V1 (Chase),1898,1898-09-20,,Discovered,1898 V1,C,1898 V1,,False,False,True,unexpected_seen,high,False,,C_1898V1_1898,perihelion
SBDB,C/1899 E1,C/1899 E1 (Swift),C/1899 E1 (Swift),1899,1899-04-13,,Discovered,1899 E1,C,1899 E1,,False,False,True,unexpected_seen,high,False,,C_1899E1_1899,perihelion
SBDB,C/1899 S1,C/1899 S1 (Giacobini),C/1899 S1 (Giacobini),1899,1899-09-15,,Discovered,1899 S1,C,1899 S1,,False,False,True,unexpected_seen,high,False,,C_1899S1_1899,perihelion
SBDB,C/1900 B1,C/1900 B1 (Giacobini),C/1900 B1 (Giacobini),1900,1900-04-29,,Discovered,1900 B1,C,1900 B1,,False,False,True,unexpected_seen,high,False,,C_1900B1_1900,perihelion
SBDB,C/1900 O1,C/1900 O1 (Borrelly-Brooks),C/1900 O1 (Borrelly-Brooks),1900,1900-08-03,,Discovered,1900 O1,C,1900 O1,,False,False,True,unexpected_seen,high,False,,C_1900O1_1900,perihelion
SBDB,C/1901 G1,C/1901 G1 (Great comet),C/1901 G1 (Great comet),1901,1901-04-24,,Discovered,1901 G1,C,1901 G1,,False,False,True,unexpected_seen,high,False,,C_1901G1_1901,perihelion
SBDB,C/1902 G1,C/1902 G1 (Brooks),C/1902 G1 (Brooks),1902,1902-05-07,,Discovered,1902 G1,C,1902 G1,,False,False,True,unexpected_seen,high,False,,C_1902G1_1902,perihelion
SBDB,C/1902 R1,C/1902 R1 (Perrine),C/1902 R1 (Perrine),1902,1902-11-24,,Discovered,1902 R1,C,1902 R1,,False,False,True,unexpected_seen,high,False,,C_1902R1_1902,perihelion
SBDB,C/1902 X1,C/1902 X1 (Giacobini),C/1902 X1 (Giacobini),1903,1903-03-23,,Discovered,1902 X1,C,1902 X1,,False,False,True,unexpected_seen,high,False,,C_1902X1_1903,perihelion
SBDB,C/1903 A1,C/1903 A1 (Giacobini),C/1903 A1 (Giacobini),1903,1903-03-16,,Discovered,1903 A1,C,1903 A1,,False,False,True,unexpected_seen,high,False,,C_1903A1_1903,perihelion
SBDB,C/1903 H1,C/1903 H1 (Grigg),C/1903 H1 (Grigg),1903,1903-03-25,,Discovered,1903 H1,C,1903 H1,,False,False,True,unexpected_seen,high,False,,C_1903H1_1903,perihelion
SBDB,C/1903 M1,C/1903 M1 (Borrelly),C/1903 M1 (Borrelly),1903,1903-08-28,,Discovered,1903 M1,C,1903 M1,,False,False,True,unexpected_seen,high,False,,C_1903M1_1903,perihelion
SBDB,C/1904 H1,C/1904 H1 (Brooks),C/1904 H1 (Brooks),1904,1904-03-07,,Discovered,1904 H1,C,1904 H1,,False,False,True,unexpected_seen,high,False,,C_1904H1_1904,perihelion
SBDB,C/1904 Y1,C/1904 Y1 (Giacobini),C/1904 Y1 (Giacobini),1904,1904-11-03,,Discovered,1904 Y1,C,1904 Y1,,False,False,True,unexpected_seen,high,False,,C_1904Y1_1904,perihelion
SBDB,C/1905 F1,C/1905 F1 (Giacobini),C/1905 F1 (Giacobini),1905,1905-04-04,,Discovered,1905 F1,C,1905 F1,,False,False,True,unexpected_seen,high,False,,C_1905F1_1905,perihelion
SBDB,C/1905 W1,C/1905 W1 (Schaer),C/1905 W1 (Schaer),1905,1905-10-25,,Discovered,1905 W1,C,1905 W1,,False,False,True,unexpected_seen,high,False,,C_1905W1_1905,perihelion
SBDB,C/1905 X1,C/1905 X1 (Giacobini),C/1905 X1 (Giacobini),1906,1906-01-22,,Discovered,1905 X1,C,1905 X1,,False,False,True,unexpected_seen,high,False,,C_1905X1_1906,perihelion
SBDB,C/1906 B1,C/1906 B1 (Brooks),C/1906 B1 (Brooks),1905,1905-12-22,,Discovered,1906 B1,C,1906 B1,,False,False,True,unexpected_seen,high,False,,C_1906B1_1905,perihelion
SBDB,C/1906 E1,C/1906 E1 (Kopff),C/1906 E1 (Kopff),1905,1905-10-18,,Discovered,1906 E1,C,1906 E1,,False,False,True,unexpected_seen,high,False,,C_1906E1_1905,perihelion
SBDB,C/1906 F1,C/1906 F1 (Ross),C/1906 F1 (Ross),1906,1906-02-21,,Discovered,1906 F1,C,1906 F1,,False,False,True,unexpected_seen,high,False,,C_1906F1_1906,perihelion
SBDB,C/1906 V1,C/1906 V1 (Thiele),C/1906 V1 (Thiele),1906,1906-11-21,,Discovered,1906 V1,C,1906 V1,,False,False,True,unexpected_seen,high,False,,C_1906V1_1906,perihelion
SBDB,C/1907 E1,C/1907 E1 (Giacobini),C/1907 E1 (Giacobini),1907,1907-03-19,,Discovered,1907 E1,C,1907 E1,,False,False,True,unexpected_seen,high,False,,C_1907E1_1907,perihelion
SBDB,C/1907 G1,C/1907 G1 (Grigg-Mellish),C/1907 G1 (Grigg-Mellish),1907,1907-03-27,,Discovered,1907 G1,C,1907 G1,,False,False,True,unexpected_seen,high,False,,C_1907G1_1907,perihelion
SBDB,C/1907 L2,C/1907 L2 (Daniel),C/1907 L2 (Daniel),1907,1907-09-04,,Discovered,1907 L2,C,1907 L2,,False,False,True,unexpected_seen,high,False,,C_1907L2_1907,perihelion
SBDB,C/1907 T1,C/1907 T1 (Mellish),C/1907 T1 (Mellish),1907,1907-09-14,,Discovered,1907 T1,C,1907 T1,,False,False,True,unexpected_seen,high,False,,C_1907T1_1907,perihelion
SBDB,C/1908 R1,C/1908 R1 (Morehouse),C/1908 R1 (Morehouse),1908,1908-12-26,,Discovered,1908 R1,C,1908 R1,,False,False,True,unexpected_seen,high,False,,C_1908R1_1908,perihelion
SBDB,C/1909 L1,C/1909 L1 (Borrelly-Daniel),C/1909 L1 (Borrelly-Daniel),1909,1909-06-05,,Discovered,1909 L1,C,1909 L1,,False,False,True,unexpected_seen,high,False,,C_1909L1_1909,perihelion
SBDB,C/1910 A1,C/1910 A1 (Great January comet),C/1910 A1 (Great January comet),1910,1910-01-17,,Discovered,1910 A1,C,1910 A1,,False,False,True,unexpected_seen,high,False,,C_1910A1_1910,perihelion
SBDB,C/1910 P1,C/1910 P1 (Metcalf),C/1910 P1 (Metcalf),1910,1910-09-16,,Discovered,1910 P1,C,1910 P1,,False,False,True,unexpected_seen,high,False,,C_1910P1_1910,perihelion
SBDB,C/1911 N1,C/1911 N1 (Kiess),C/1911 N1 (Kiess),1911,1911-06-30,,Discovered,1911 N1,C,1911 N1,,False,False,True,unexpected_seen,high,False,,C_1911N1_1911,perihelion
SBDB,C/1911 O1,C/1911 O1 (Brooks),C/1911 O1 (Brooks),1911,1911-10-28,,Discovered,1911 O1,C,1911 O1,,False,False,True,unexpected_seen,high,False,,C_1911O1_1911,perihelion
SBDB,C/1911 S2,C/1911 S2 (Quenisset),C/1911 S2 (Quenisset),1911,1911-11-12,,Discovered,1911 S2,C,1911 S2,,False,False,True,unexpected_seen,high,False,,C_1911S2_1911,perihelion
SBDB,C/1911 S3,C/1911 S3 (Beljawsky),C/1911 S3 (Beljawsky),1911,1911-10-10,,Discovered,1911 S3,C,1911 S3,,False,False,True,unexpected_seen,high,False,,C_1911S3_1911,perihelion
SBDB,C/1912 R1,C/1912 R1 (Gale),C/1912 R1 (Gale),1912,1912-10-05,,Discovered,1912 R1,C,1912 R1,,False,False,True,unexpected_seen,high,False,,C_1912R1_1912,perihelion
SBDB,C/1912 V1,C/1912 V1 (Borrelly),C/1912 V1 (Borrelly),1912,1912-10-21,,Discovered,1912 V1,C,1912 V1,,False,False,True,unexpected_seen,high,False,,C_1912V1_1912,perihelion
SBDB,C/1913 J1,C/1913 J1 (Schaumasse),C/1913 J1 (Schaumasse),1913,1913-05-15,,Discovered,1913 J1,C,1913 J1,,False,False,True,unexpected_seen,high,False,,C_1913J1_1913,perihelion
SBDB,C/1913 R1,C/1913 R1 (Metcalf),C/1913 R1 (Metcalf),1913,1913-09-14,,Discovered,1913 R1,C,1913 R1,,False,False,True,unexpected_seen,high,False,,C_1913R1_1913,perihelion
SBDB,C/1913 Y1,C/1913 Y1 (Delavan),C/1913 Y1 (Delavan),1914,1914-10-26,,Discovered,1913 Y1,C,1913 Y1,,False,False,True,unexpected_seen,high,False,,C_1913Y1_1914,perihelion
SBDB,C/1914 F1,C/1914 F1 (Kritzinger),C/1914 F1 (Kritzinger),1914,1914-06-04,,Discovered,1914 F1,C,1914 F1,,False,False,True,unexpected_seen,high,False,,C_1914F1_1914,perihelion
SBDB,C/1914 J1,C/1914 J1 (Zlatinsky),C/1914 J1 (Zlatinsky),1914,1914-05-08,,Discovered,1914 J1,C,1914 J1,,False,False,True,unexpected_seen,high,False,,C_1914J1_1914,perihelion
SBDB,C/1914 M1,C/1914 M1 (Neujmin),C/1914 M1 (Neujmin),1914,1914-07-30,,Discovered,1914 M1,C,1914 M1,,False,False,True,unexpected_seen,high,False,,C_1914M1_1914,perihelion
SBDB,C/1914 S1,C/1914 S1 (Campbell),C/1914 S1 (Campbell),1914,1914-08-03,,Discovered,1914 S1,C,1914 S1,,False,False,True,unexpected_seen,high,False,,C_1914S1_1914,perihelion
SBDB,C/1915 C1,C/1915 C1 (Mellish),C/1915 C1 (Mellish),1915,1915-07-17,,Discovered,1915 C1,C,1915 C1,,False,False,True,unexpected_seen,high,False,,C_1915C1_1915,perihelion
SBDB,C/1915 R1,C/1915 R1 (Mellish),C/1915 R1 (Mellish),1915,1915-10-13,,Discovered,1915 R1,C,1915 R1,,False,False,True,unexpected_seen,high,False,,C_1915R1_1915,perihelion
SBDB,C/1916 G1,C/1916 G1 (Wolf),C/1916 G1 (Wolf),1917,1917-06-17,,Discovered,1916 G1,C,1916 G1,,False,False,True,unexpected_seen,high,False,,C_1916G1_1917,perihelion
SBDB,C/1917 F1,C/1917 F1 (Mellish),C/1917 F1 (Mellish),1917,1917-04-11,,Discovered,1917 F1,C,1917 F1,,False,False,True,unexpected_seen,high,False,,C_1917F1_1917,perihelion
SBDB,C/1917 H1,C/1917 H1 (Schaumasse),C/1917 H1 (Schaumasse),1917,1917-05-18,,Discovered,1917 H1,C,1917 H1,,False,False,True,unexpected_seen,high,False,,C_1917H1_1917,perihelion
SBDB,C/1918 L1,C/1918 L1 (Reid),C/1918 L1 (Reid),1918,1918-06-06,,Discovered,1918 L1,C,1918 L1,,False,False,True,unexpected_seen,high,False,,C_1918L1_1918,perihelion
SBDB,C/1919 Q2,C/1919 Q2 (Metcalf),C/1919 Q2 (Metcalf),1919,1919-12-07,,Discovered,1919 Q2,C,1919 Q2,,False,False,True,unexpected_seen,high,False,,C_1919Q2_1919,perihelion
SBDB,C/1919 Y1,C/1919 Y1 (Skjellerup),C/1919 Y1 (Skjellerup),1920,1920-01-03,,Discovered,1919 Y1,C,1919 Y1,,False,False,True,unexpected_seen,high,False,,C_1919Y1_1920,perihelion
SBDB,C/1920 X1,C/1920 X1 (Skjellerup),C/1920 X1 (Skjellerup),1920,1920-12-11,,Discovered,1920 X1,C,1920 X1,,False,False,True,unexpected_seen,high,False,,C_1920X1_1920,perihelion
SBDB,C/1921 E1,C/1921 E1 (Reid),C/1921 E1 (Reid),1921,1921-05-10,,Discovered,1921 E1,C,1921 E1,,False,False,True,unexpected_seen,high,False,,C_1921E1_1921,perihelion
SBDB,C/1921 H1,C/1921 H1 (Dubiago),C/1921 H1 (Dubiago),1921,1921-05-05,,Discovered,1921 H1,C,1921 H1,,False,False,True,unexpected_seen,high,False,,C_1921H1_1921,perihelion
SBDB,C/1922 B1,C/1922 B1 (Reid),C/1922 B1 (Reid),1921,1921-10-28,,Discovered,1922 B1,C,1922 B1,,False,False,True,unexpected_seen,high,False,,C_1922B1_1921,perihelion
SBDB,C/1922 U1,C/1922 U1 (Baade),C/1922 U1 (Baade),1922,1922-10-26,,Discovered,1922 U1,C,1922 U1,,False,False,True,unexpected_seen,high,False,,C_1922U1_1922,perihelion
SBDB,C/1922 W1,C/1922 W1 (Skjellerup),C/1922 W1 (Skjellerup),1923,1923-01-04,,Discovered,1922 W1,C,1922 W1,,False,False,True,unexpected_seen,high,False,,C_1922W1_1923,perihelion
SBDB,C/1923 T1,C/1923 T1 (Dubiago-Bernard),C/1923 T1 (Dubiago-Bernard),1923,1923-11-18,,Discovered,1923 T1,C,1923 T1,,False,False,True,unexpected_seen,high,False,,C_1923T1_1923,perihelion
SBDB,C/1924 F1,C/1924 F1 (Reid),C/1924 F1 (Reid),1924,1924-03-13,,Discovered,1924 F1,C,1924 F1,,False,False,True,unexpected_seen,high,False,,C_1924F1_1924,perihelion
SBDB,C/1924 R1,C/1924 R1 (Finsler),C/1924 R1 (Finsler),1924,1924-09-04,,Discovered,1924 R1,C,1924 R1,,False,False,True,unexpected_seen,high,False,,C_1924R1_1924,perihelion
SBDB,C/1925 F1,C/1925 F1 (Shajn-Comas Sola),C/1925 F1 (Shajn-Comas Sola),1925,1925-09-06,,Discovered,1925 F1,C,1925 F1,,False,False,True,unexpected_seen,high,False,,C_1925F1_1925,perihelion
SBDB,C/1925 F2,C/1925 F2 (Reid),C/1925 F2 (Reid),1925,1925-07-29,,Discovered,1925 F2,C,1925 F2,,False,False,True,unexpected_seen,high,False,,C_1925F2_1925,perihelion
SBDB,C/1925 G1,C/1925 G1 (Orkisz),C/1925 G1 (Orkisz),1925,1925-04-01,,Discovered,1925 G1,C,1925 G1,,False,False,True,unexpected_seen,high,False,,C_1925G1_1925,perihelion
SBDB,C/1925 V1,C/1925 V1 (Wilk-Peltier),C/1925 V1 (Wilk-Peltier),1925,1925-12-07,,Discovered,1925 V1,C,1925 V1,,False,False,True,unexpected_seen,high,False,,C_1925V1_1925,perihelion
SBDB,C/1925 W1,C/1925 W1 (Van Biesbroeck),C/1925 W1 (Van Biesbroeck),1925,1925-10-02,,Discovered,1925 W1,C,1925 W1,,False,False,True,unexpected_seen,high,False,,C_1925W1_1925,perihelion
SBDB,C/1925 X1,C/1925 X1 (Ensor),C/1925 X1 (Ensor),1926,1926-02-11,,Discovered,1925 X1,C,1925 X1,,False,False,True,unexpected_seen,high,False,,C_1925X1_1926,perihelion
SBDB,C/1926 B1,C/1926 B1 (Blathwayt),C/1926 B1 (Blathwayt),1926,1926-01-02,,Discovered,1926 B1,C,1926 B1,,False,False,True,unexpected_seen,high,False,,C_1926B1_1926,perihelion
SBDB,C/1927 A1,C/1927 A1 (Blathwayt),C/1927 A1 (Blathwayt),1927,1927-02-14,,Discovered,1927 A1,C,1927 A1,,False,False,True,unexpected_seen,high,False,,C_1927A1_1927,perihelion
SBDB,C/1927 B1,C/1927 B1 (Reid),C/1927 B1 (Reid),1926,1926-12-30,,Discovered,1927 B1,C,1927 B1,,False,False,True,unexpected_seen,high,False,,C_1927B1_1926,perihelion
SBDB,C/1927 E1,C/1927 E1 (Stearns),C/1927 E1 (Stearns),1927,1927-03-22,,Discovered,1927 E1,C,1927 E1,,False,False,True,unexpected_seen,high,False,,C_1927E1_1927,perihelion
SBDB,C/1927 X1,C/1927 X1 (Skjellerup-Maristany),C/1927 X1 (Skjellerup-Maristany),1927,1927-12-18,,Discovered,1927 X1,C,1927 X1,,False,False,True,unexpected_seen,high,False,,C_1927X1_1927,perihelion
SBDB,C/1929 Y1,C/1929 Y1 (Wilk),C/1929 Y1 (Wilk),1930,1930-01-22,,Discovered,1929 Y1,C,1929 Y1,,False,False,True,unexpected_seen,high,False,,C_1929Y1_1930,perihelion
SBDB,C/1930 D1,C/1930 D1 (Peltier-Schwassmann-Wachmann),C/1930 D1 (Peltier-Schwassmann-Wachmann),1930,1930-01-15,,Discovered,1930 D1,C,1930 D1,,False,False,True,unexpected_seen,high,False,,C_1930D1_1930,perihelion
SBDB,C/1930 E1,C/1930 E1 (Beyer),C/1930 E1 (Beyer),1930,1930-04-18,,Discovered,1930 E1,C,1930 E1,,False,False,True,unexpected_seen,high,False,,C_1930E1_1930,perihelion
SBDB,C/1930 F1,C/1930 F1 (Wilk),C/1930 F1 (Wilk),1930,1930-03-28,,Discovered,1930 F1,C,1930 F1,,False,False,True,unexpected_seen,high,False,,C_1930F1_1930,perihelion
SBDB,C/1930 L1,C/1930 L1 (Forbes),C/1930 L1 (Forbes),1930,1930-05-10,,Discovered,1930 L1,C,1930 L1,,False,False,True,unexpected_seen,high,False,,C_1930L1_1930,perihelion
SBDB,C/1931 O1,C/1931 O1 (Nagata),C/1931 O1 (Nagata),1931,1931-06-11,,Discovered,1931 O1,C,1931 O1,,False,False,True,unexpected_seen,high,False,,C_1931O1_1931,perihelion
SBDB,C/1931 P1,C/1931 P1 (Ryves),C/1931 P1 (Ryves),1931,1931-08-25,,Discovered,1931 P1,C,1931 P1,,False,False,True,unexpected_seen,high,False,,C_1931P1_1931,perihelion
SBDB,C/1932 G1,C/1932 G1 (Houghton-Ensor),C/1932 G1 (Houghton-Ensor),1932,1932-02-28,,Discovered,1932 G1,C,1932 G1,,False,False,True,unexpected_seen,high,False,,C_1932G1_1932,perihelion
SBDB,C/1932 H1,C/1932 H1 (Carrasco),C/1932 H1 (Carrasco),1931,1931-11-29,,Discovered,1932 H1,C,1932 H1,,False,False,True,unexpected_seen,high,False,,C_1932H1_1931,perihelion
SBDB,C/1932 M1,C/1932 M1 (Newman),C/1932 M1 (Newman),1932,1932-09-24,,Discovered,1932 M1,C,1932 M1,,False,False,True,unexpected_seen,high,False,,C_1932M1_1932,perihelion
SBDB,C/1932 M2,C/1932 M2 (Geddes),C/1932 M2 (Geddes),1932,1932-09-20,,Discovered,1932 M2,C,1932 M2,,False,False,True,unexpected_seen,high,False,,C_1932M2_1932,perihelion
SBDB,C/1932 P1,C/1932 P1 (Peltier-Whipple),C/1932 P1 (Peltier-Whipple),1932,1932-09-01,,Discovered,1932 P1,C,1932 P1,,False,False,True,unexpected_seen,high,False,,C_1932P1_1932,perihelion
SBDB,C/1932 Y1,C/1932 Y1 (Dodwell-Forbes),C/1932 Y1 (Dodwell-Forbes),1932,1932-12-30,,Discovered,1932 Y1,C,1932 Y1,,False,False,True,unexpected_seen,high,False,,C_1932Y1_1932,perihelion
SBDB,C/1933 D1,C/1933 D1 (Peltier),C/1933 D1 (Peltier),1933,1933-02-06,,Discovered,1933 D1,C,1933 D1,,False,False,True,unexpected_seen,high,False,,C_1933D1_1933,perihelion
SBDB,C/1935 A1,C/1935 A1 (Johnson),C/1935 A1 (Johnson),1935,1935-02-26,,Discovered,1935 A1,C,1935 A1,,False,False,True,unexpected_seen,high,False,,C_1935A1_1935,perihelion
SBDB,C/1935 M1,C/1935 M1 (Jackson),C/1935 M1 (Jackson),1934,1934-09-06,,Discovered,1935 M1,C,1935 M1,,False,False,True,unexpected_seen,high,False,,C_1935M1_1934,perihelion
SBDB,C/1935 Q1,C/1935 Q1 (Van Biesbroeck),C/1935 Q1 (Van Biesbroeck),1936,1936-05-11,,Discovered,1935 Q1,C,1935 Q1,,False,False,True,unexpected_seen,high,False,,C_1935Q1_1936,perihelion
SBDB,C/1936 K1,C/1936 K1 (Peltier),C/1936 K1 (Peltier),1936,1936-07-08,,Discovered,1936 K1,C,1936 K1,,False,False,True,unexpected_seen,high,False,,C_1936K1_1936,perihelion
SBDB,C/1936 O1,C/1936 O1 (Kaho-Kozik-Lis),C/1936 O1 (Kaho-Kozik-Lis),1936,1936-07-15,,Discovered,1936 O1,C,1936 O1,,False,False,True,unexpected_seen,high,False,,C_1936O1_1936,perihelion
SBDB,C/1937 C1,C/1937 C1 (Whipple),C/1937 C1 (Whipple),1937,1937-06-20,,Discovered,1937 C1,C,1937 C1,,False,False,True,unexpected_seen,high,False,,C_1937C1_1937,perihelion
SBDB,C/1937 D1,C/1937 D1 (Wilk),C/1937 D1 (Wilk),1937,1937-02-21,,Discovered,1937 D1,C,1937 D1,,False,False,True,unexpected_seen,high,False,,C_1937D1_1937,perihelion
SBDB,C/1937 N1,C/1937 N1 (Finsler),C/1937 N1 (Finsler),1937,1937-08-15,,Discovered,1937 N1,C,1937 N1,,False,False,True,unexpected_seen,high,False,,C_1937N1_1937,perihelion
SBDB,C/1937 P1,C/1937 P1 (Hubble),C/1937 P1 (Hubble),1936,1936-11-14,,Discovered,1937 P1,C,1937 P1,,False,False,True,unexpected_seen,high,False,,C_1937P1_1936,perihelion
SBDB,C/1939 B1,C/1939 B1 (Kozik-Peltier),C/1939 B1 (Kozik-Peltier),1939,1939-02-06,,Discovered,1939 B1,C,1939 B1,,False,False,True,unexpected_seen,high,False,,C_1939B1_1939,perihelion
SBDB,C/1939 H1,C/1939 H1 (Jurlof-Achmarof-Hassel),C/1939 H1 (Jurlof-Achmarof-Hassel),1939,1939-04-10,,Discovered,1939 H1,C,1939 H1,,False,False,True,unexpected_seen,high,False,,C_1939H1_1939,perihelion
SBDB,C/1939 V1,C/1939 V1 (Friend),C/1939 V1 (Friend),1939,1939-11-05,,Discovered,1939 V1,C,1939 V1,,False,False,True,unexpected_seen,high,False,,C_1939V1_1939,perihelion
SBDB,C/1940 O1,C/1940 O1 (Whipple-Paraskevopoulos),C/1940 O1 (Whipple-Paraskevopoulos),1940,1940-10-08,,Discovered,1940 O1,C,1940 O1,,False,False,True,unexpected_seen,high,False,,C_1940O1_1940,perihelion
SBDB,C/1940 S1,C/1940 S1 (Okabayasi-Honda),C/1940 S1 (Okabayasi-Honda),1940,1940-08-15,,Discovered,1940 S1,C,1940 S1,,False,False,True,unexpected_seen,high,False,,C_1940S1_1940,perihelion
