modern_pdes,comet_id,comet_name,perihelion_date,apparition_year,is_periodic,raw_status_source,event_case,current_magnitude_provenance,sbdb_M1,sbdb_K1,sbdb_nuclear_biased,current_modeled_peak_mag,priority
289P,289P,289P/Blanpain,1850-11-02,1850,True,AERITH,expected_not_seen,horizons_tmag,22.0,4.5,True,18.809,high_nuclear_biased
54P,54P,54P/de Vico-Swift-NEAT,1850-02-14,1850,True,AERITH,expected_not_seen,horizons_tmag,14.2,12.25,False,16.794,medium_sbdb_good
1850 J1,C/1850 J1,C/1850 J1 (Petersen),1850-07-24,1850,False,SBDB,unexpected_seen,failed,,,False,,high_tier3
1850 Q1,C/1850 Q1,C/1850 Q1 (Bond),1850-10-19,1850,False,SBDB,unexpected_seen,failed,,,False,,high_tier3
4P,4P,4P/Faye,1851-04-02,1851,True,AERITH,expected_seen,horizons_tmag,11.0,9.5,False,15.21,medium_sbdb_good
5D,5D,5D/Brorsen,1851-09-24,1851,True,AERITH,expected_not_seen,horizons_tmag,8.3,10.0,False,7.146,medium_sbdb_good
6P,6P,6P/d'Arrest,1851-07-09,1851,True,AERITH,unexpected_seen,horizons_tmag,15.9,8.5,False,15.736,medium_sbdb_good
1851 P1,C/1851 P1,C/1851 P1 (Brorsen),1851-08-26,1851,False,SBDB,unexpected_seen,failed,,,False,,high_tier3
1851 U1,C/1851 U1,C/1851 U1 (Brorsen),1851-10-01,1851,False,SBDB,unexpected_seen,failed,,,False,,high_tier3
20D,20D,20D/Westphal,1852-10-13,1852,True,AERITH,unexpected_seen,horizons_tmag,8.8,10.0,False,8.864,medium_sbdb_good
2P,2P,2P/Encke,1852-03-15,1852,True,AERITH,expected_seen,horizons_tmag,15.6,4.5,True,13.0,high_nuclear_biased
3D,3D,3D/Biela,1852-09-23,1852,True,AERITH,expected_seen,horizons_tmag,7.1,10.0,False,7.319,medium_sbdb_good
7P,7P,7P/Pons-Winnecke,1852-10-12,1852,True,AERITH,retrospective_not_observed,horizons_tmag,16.0,4.5,True,16.121,high_nuclear_biased
1852 K1,C/1852 K1,C/1852 K1 (Chacornac),1852-04-20,1852,False,SBDB,unexpected_seen,failed,,,False,,high_tier3
26P,26P,26P/Grigg-Skjellerup,1853-01-16,1853,True,AERITH,retrospective_not_observed,horizons_tmag,16.5,5.5,True,16.7,high_nuclear_biased
1853 E1,C/1853 E1,C/1853 E1 (Secchi),1853-02-24,1853,False,SBDB,unexpected_seen,failed,,,False,,high_tier3
1853 G1,C/1853 G1,C/1853 G1 (Schweizer),1853-05-10,1853,False,SBDB,unexpected_seen,failed,,,False,,high_tier3
1853 L1,C/1853 L1,C/1853 L1 (Klinkerfues),1853-09-02,1853,False,SBDB,unexpected_seen,failed,,,False,,high_tier3
1853 R1,C/1853 R1,C/1853 R1 (Bruhns),1853-10-17,1853,False,SBDB,unexpected_seen,failed,,,False,,high_tier3
80P,80P,80P/Peters-Hartley,1854-04-15,1854,True,AERITH,expected_not_seen,horizons_tmag,11.8,15.75,False,14.27,medium_sbdb_good
1853 W1,C/1853 W1,C/1853 W1 (van Arsdale),1854-01-04,1854,False,SBDB,unexpected_seen,failed,,,False,,high_tier3
1854 F1,C/1854 F1,C/1854 F1 (Great comet),1854-03-24,1854,False,SBDB,unexpected_seen,failed,,,False,,high_tier3
1854 L1,C/1854 L1,C/1854 L1 (Klinkerfues),1854-06-22,1854,False,SBDB,unexpected_seen,failed,,,False,,high_tier3
1854 R1,C/1854 R1,C/1854 R1 (Klinkerfues),1854-10-28,1854,False,SBDB,unexpected_seen,failed,,,False,,high_tier3
1854 Y1,C/1854 Y1,C/1854 Y1 (Winnecke-Dien),1854-12-16,1854,False,SBDB,unexpected_seen,failed,,,False,,high_tier3
2P,2P,2P/Encke,1855-07-01,1855,True,AERITH,expected_seen,horizons_tmag,15.6,4.5,True,13.834,high_nuclear_biased
54P,54P,54P/de Vico-Swift-NEAT,1855-07-31,1855,True,AERITH,expected_not_seen,horizons_tmag,14.2,12.25,False,14.094,medium_sbdb_good
1855 G1,C/1855 G1,C/1855 G1 (Schweizer),1855-02-05,1855,False,SBDB,unexpected_seen,failed,,,False,,high_tier3
1855 L1,C/1855 L1,C/1855 L1 (Donati),1855-05-30,1855,False,SBDB,unexpected_seen,failed,,,False,,high_tier3
1855 V1,C/1855 V1,C/1855 V1 (Bruhns),1855-11-25,1855,False,SBDB,unexpected_seen,failed,,,False,,high_tier3
226P,226P,226P/Pigott-LINEAR-Kowalski,1856-02-29,1856,True,AERITH,expected_not_seen,horizons_tmag,10.1,21.0,False,16.094,medium_sbdb_good
289P,289P,289P/Blanpain,1856-03-04,1856,True,AERITH,expected_not_seen,horizons_tmag,22.0,4.5,True,22.859,high_nuclear_biased
5D,5D,5D/Brorsen,1857-03-29,1857,True,AERITH,expected_seen,horizons_tmag,8.3,10.0,False,6.203,medium_sbdb_good
6P,6P,6P/d'Arrest,1857-11-28,1857,True,AERITH,expected_seen,horizons_tmag,15.9,8.5,False,17.624,medium_sbdb_good
1857 D1,C/1857 D1,C/1857 D1 (d'Arrest),1857-03-21,1857,False,SBDB,unexpected_seen,failed,,,False,,high_tier3
1857 M1,C/1857 M1,C/1857 M1 (Klinkerfues),1857-07-18,1857,False,SBDB,unexpected_seen,failed,,,False,,high_tier3
1857 O1,C/1857 O1,C/1857 O1 (Peters),1857-08-24,1857,False,SBDB,unexpected_seen,failed,,,False,,high_tier3
1857 Q1,C/1857 Q1,C/1857 Q1 (Klinkerfues),1857-10-01,1857,False,SBDB,unexpected_seen,failed,,,False,,high_tier3
1857 V1,C/1857 V1,C/1857 V1 (Donati-van Arsdale),1857-11-19,1857,False,SBDB,unexpected_seen,failed,,,False,,high_tier3
26P,26P,26P/Grigg-Skjellerup,1858-01-23,1858,True,AERITH,retrospective_not_observed,horizons_tmag,16.5,5.5,True,16.657,high_nuclear_biased
2P,2P,2P/Encke,1858-10-18,1858,True,AERITH,expected_seen,horizons_tmag,15.6,4.5,True,13.934,high_nuclear_biased
41P,41P,41P/Tuttle-Giacobini-Kresak,1858-05-03,1858,True,AERITH,unexpected_seen,horizons_tmag,16.9,4.5,True,15.448,high_nuclear_biased
4P,4P,4P/Faye,1858-09-13,1858,True,AERITH,expected_seen,horizons_tmag,11.0,9.5,False,13.614,medium_sbdb_good
7P,7P,7P/Pons-Winnecke,1858-05-02,1858,True,AERITH,unexpected_seen,horizons_tmag,16.0,4.5,True,14.564,high_nuclear_biased
8P,8P,8P/Tuttle,1858-02-24,1858,True,AERITH,unexpected_seen,horizons_tmag,14.6,4.5,True,14.211,high_nuclear_biased
1858 K1,C/1858 K1,C/1858 K1 (Bruhns),1858-06-05,1858,False,SBDB,unexpected_seen,failed,,,False,,high_tier3
1858 L1,C/1858 L1,C/1858 L1 (Donati),1858-09-30,1858,False,SBDB,unexpected_seen,failed,,,False,,high_tier3
1858 R1,C/1858 R1,C/1858 R1 (Tuttle),1858-10-13,1858,False,SBDB,unexpected_seen,failed,,,False,,high_tier3
3D,3D,3D/Biela,1859-05-23,1859,True,AERITH,expected_not_seen,horizons_tmag,7.1,10.0,False,7.692,medium_sbdb_good
1859 G1,C/1859 G1,C/1859 G1 (Tempel),1859-05-29,1859,False,SBDB,unexpected_seen,failed,,,False,,high_tier3
1860 D1,C/1860 D1,C/1860 D1 (Liais),1860-02-17,1860,False,SBDB,unexpected_seen,failed,,,False,,high_tier3
1860 H1,C/1860 H1,C/1860 H1 (Rumker),1860-03-06,1860,False,SBDB,unexpected_seen,failed,,,False,,high_tier3
1860 M1,C/1860 M1,C/1860 M1 (Great comet),1860-06-16,1860,False,SBDB,unexpected_seen,failed,,,False,,high_tier3
1860 U1,C/1860 U1,C/1860 U1 (Tempel),1860-09-22,1860,False,SBDB,unexpected_seen,failed,,,False,,high_tier3
289P,289P,289P/Blanpain,1861-07-21,1861,True,AERITH,expected_not_seen,horizons_tmag,22.0,4.5,True,23.217,high_nuclear_biased
54P,54P,54P/de Vico-Swift-NEAT,1861-01-16,1861,True,AERITH,expected_not_seen,horizons_tmag,14.2,12.25,False,16.662,medium_sbdb_good
1861 G1,C/1861 G1,C/1861 G1 (Thatcher),1861-06-03,1861,False,SBDB,unexpected_seen,failed,,,False,,high_tier3
1861 J1,C/1861 J1,C/1861 J1 (Great comet),1861-06-12,1861,False,SBDB,unexpected_seen,failed,,,False,,high_tier3
1861 Y1,C/1861 Y1,C/1861 Y1 (Tuttle),1861-12-07,1861,False,SBDB,unexpected_seen,failed,,,False,,high_tier3
109P,109P,109P/Swift-Tuttle,1862-08-23,1862,True,AERITH,unexpected_seen,horizons_tmag,4.5,15.0,False,1.97,medium_sbdb_good
226P,226P,226P/Pigott-LINEAR-Kowalski,1862-11-03,1862,True,AERITH,expected_not_seen,horizons_tmag,10.1,21.0,False,13.453,medium_sbdb_good
2P,2P,2P/Encke,1862-02-06,1862,True,AERITH,expected_seen,horizons_tmag,15.6,4.5,True,13.0,high_nuclear_biased
5D,5D,5D/Brorsen,1862-10-13,1862,True,AERITH,expected_not_seen,horizons_tmag,8.3,10.0,False,6.592,medium_sbdb_good
80P,80P,80P/Peters-Hartley,1862-02-01,1862,True,AERITH,expected_not_seen,horizons_tmag,11.8,15.75,False,16.29,medium_sbdb_good
1862 N1,C/1862 N1,C/1862 N1 (Schmidt),1862-06-22,1862,False,SBDB,unexpected_seen,failed,,,False,,high_tier3
1862 W1,C/1862 W1,C/1862 W1 (Respighi),1862-12-28,1862,False,SBDB,unexpected_seen,failed,,,False,,high_tier3
26P,26P,26P/Grigg-Skjellerup,1863-01-28,1863,True,AERITH,retrospective_not_observed,horizons_tmag,16.5,5.5,True,16.618,high_nuclear_biased
41P,41P,41P/Tuttle-Giacobini-Kresak,1863-09-07,1863,True,AERITH,expected_not_seen,horizons_tmag,16.9,4.5,True,18.684,high_nuclear_biased
7P,7P,7P/Pons-Winnecke,1863-11-27,1863,True,AERITH,expected_not_seen,horizons_tmag,16.0,4.5,True,16.654,high_nuclear_biased
1862 X1,C/1862 X1,C/1862 X1 (Bruhns),1863-02-03,1863,False,SBDB,unexpected_seen,failed,,,False,,high_tier3
1863 G1,C/1863 G1,C/1863 G1 (Klinkerfues),1863-04-05,1863,False,SBDB,unexpected_seen,failed,,,False,,high_tier3
1863 G2,C/1863 G2,C/1863 G2 (Respighi),1863-04-21,1863,False,SBDB,unexpected_seen,failed,,,False,,high_tier3
1863 T1,C/1863 T1,C/1863 T1 (Baeker),1863-12-29,1863,False,SBDB,unexpected_seen,failed,,,False,,high_tier3
1863 V1,C/1863 V1,C/1863 V1 (Tempel),1863-11-09,1863,False,SBDB,unexpected_seen,failed,,,False,,high_tier3
1863 Y1,C/1863 Y1,C/1863 Y1 (Respighi),1863-12-28,1863,False,SBDB,unexpected_seen,failed,,,False,,high_tier3
6P,6P,6P/d'Arrest,1864-02-26,1864,True,AERITH,expected_not_seen,horizons_tmag,15.9,8.5,False,18.559,medium_sbdb_good
1864 N1,C/1864 N1,C/1864 N1 (Tempel),1864-08-16,1864,False,SBDB,unexpected_seen,failed,,,False,,high_tier3
1864 O1,C/1864 O1,C/1864 O1 (Donati-Toussaint),1864-10-11,1864,False,SBDB,unexpected_seen,failed,,,False,,high_tier3
1864 R1,C/1864 R1,C/1864 R1 (Donati),1864-07-28,1864,False,SBDB,unexpected_seen,failed,,,False,,high_tier3
1864 X1,C/1864 X1,C/1864 X1 (Baeker),1864-12-22,1864,False,SBDB,unexpected_seen,failed,,,False,,high_tier3
1864 Y1,C/1864 Y1,C/1864 Y1 (Bruhns),1864-12-28,1864,False,SBDB,unexpected_seen,failed,,,False,,high_tier3
2P,2P,2P/Encke,1865-05-28,1865,True,AERITH,expected_seen,horizons_tmag,15.6,4.5,True,12.835,high_nuclear_biased
1865 B1,C/1865 B1,C/1865 B1 (Great southern comet),1865-01-14,1865,False,SBDB,unexpected_seen,failed,,,False,,high_tier3
289P,289P,289P/Blanpain,1866-11-26,1866,True,AERITH,expected_not_seen,horizons_tmag,22.0,4.5,True,16.0,high_nuclear_biased
3D,3D,3D/Biela,1866-01-26,1866,True,AERITH,expected_not_seen,horizons_tmag,7.1,10.0,False,3.712,medium_sbdb_good
4P,4P,4P/Faye,1866-02-14,1866,True,AERITH,expected_seen,horizons_tmag,11.0,9.5,False,14.488,medium_sbdb_good
54P,54P,54P/de Vico-Swift-NEAT,1866-07-07,1866,True,AERITH,expected_not_seen,horizons_tmag,14.2,12.25,False,15.222,medium_sbdb_good
55P,55P,55P/Tempel-Tuttle,1866-01-11,1866,True,AERITH,unexpected_seen,horizons_tmag,10.0,25.0,False,6.819,medium_sbdb_good
38P,38P,38P/Stephan-Oterma,1867-01-20,1867,True,AERITH,unexpected_seen,horizons_tmag,11.6,9.5,False,13.51,medium_sbdb_good
9P,9P,9P/Tempel 1,1867-05-24,1867,True,AERITH,unexpected_seen,horizons_tmag,12.9,9.0,False,13.421,medium_sbdb_good
1867 S1,C/1867 S1,C/1867 S1 (Baeker-Winnecke),1867-11-07,1867,False,SBDB,unexpected_seen,failed,,,False,,high_tier3
26P,26P,26P/Grigg-Skjellerup,1868-02-03,1868,True,AERITH,retrospective_not_observed,horizons_tmag,16.5,5.5,True,16.584,high_nuclear_biased
2P,2P,2P/Encke,1868-09-15,1868,True,AERITH,expected_seen,horizons_tmag,15.6,4.5,True,14.072,high_nuclear_biased
5D,5D,5D/Brorsen,1868-04-17,1868,True,AERITH,expected_seen,horizons_tmag,8.3,10.0,False,6.402,medium_sbdb_good
1868 L1,C/1868 L1,C/1868 L1 (Winnecke),1868-06-26,1868,False,SBDB,unexpected_seen,failed,,,False,,high_tier3
11P,11P,11P/Tempel-Swift-LINEAR,1869-11-19,1869,True,AERITH,unexpected_seen,horizons_tmag,15.2,20.0,False,12.835,medium_sbdb_good
226P,226P,226P/Pigott-LINEAR-Kowalski,1869-07-09,1869,True,AERITH,expected_not_seen,horizons_tmag,10.1,21.0,False,16.258,medium_sbdb_good
41P,41P,41P/Tuttle-Giacobini-Kresak,1869-01-09,1869,True,AERITH,expected_not_seen,horizons_tmag,16.9,4.5,True,18.081,high_nuclear_biased
7P,7P,7P/Pons-Winnecke,1869-06-30,1869,True,AERITH,expected_seen,horizons_tmag,16.0,4.5,True,12.0,high_nuclear_biased
1869 T1,C/1869 T1,C/1869 T1 (Tempel),1869-10-10,1869,False,SBDB,unexpected_seen,failed,,,False,,high_tier3
6P,6P,6P/d'Arrest,1870-09-23,1870,True,AERITH,expected_seen,horizons_tmag,15.9,8.5,False,16.406,medium_sbdb_good
80P,80P,80P/Peters-Hartley,1870-01-12,1870,True,AERITH,expected_not_seen,horizons_tmag,11.8,15.75,False,16.537,medium_sbdb_good
1870 K1,C/1870 K1,C/1870 K1 (Winnecke),1870-07-14,1870,False,SBDB,unexpected_seen,failed,,,False,,high_tier3
1870 Q1,C/1870 Q1,C/1870 Q1 (Coggia),1870-09-02,1870,False,SBDB,unexpected_seen,failed,,,False,,high_tier3
1870 W1,C/1870 W1,C/1870 W1 (Winnecke),1870-12-20,1870,False,SBDB,unexpected_seen,failed,,,False,,high_tier3
2P,2P,2P/Encke,1871-12-29,1871,True,AERITH,expected_seen,horizons_tmag,15.6,4.5,True,12.855,high_nuclear_biased
8P,8P,8P/Tuttle,1871-12-02,1871,True,AERITH,expected_seen,horizons_tmag,14.6,4.5,True,13.857,high_nuclear_biased
1871 G1,C/1871 G1,C/1871 G1 (Winnecke),1871-06-11,1871,False,SBDB,unexpected_seen,failed,,,False,,high_tier3
1871 L1,C/1871 L1,C/1871 L1 (Tempel),1871-07-27,1871,False,SBDB,unexpected_seen,failed,,,False,,high_tier3
1871 V1,C/1871 V1,C/1871 V1 (Tempel),1871-12-20,1871,False,SBDB,unexpected_seen,failed,,,False,,high_tier3
289P,289P,289P/Blanpain,1872-02-25,1872,True,AERITH,expected_not_seen,horizons_tmag,22.0,4.5,True,22.467,high_nuclear_biased
3D,3D,3D/Biela,1872-09-30,1872,True,AERITH,expected_not_seen,horizons_tmag,7.1,10.0,False,7.256,medium_sbdb_good
54P,54P,54P/de Vico-Swift-NEAT,1872-01-02,1872,True,AERITH,expected_not_seen,horizons_tmag,14.2,12.25,False,16.585,medium_sbdb_good
10P,10P,10P/Tempel 2,1873-06-25,1873,True,AERITH,unexpected_seen,horizons_tmag,14.7,4.5,True,14.419,high_nuclear_biased
26P,26P,26P/Grigg-Skjellerup,1873-02-16,1873,True,AERITH,retrospective_not_observed,horizons_tmag,16.5,5.5,True,16.383,high_nuclear_biased
27P,27P,27P/Crommelin,1873-12-02,1873,True,AERITH,unexpected_seen,horizons_tmag,12.7,27.75,False,6.0,medium_sbdb_good
4P,4P,4P/Faye,1873-07-18,1873,True,AERITH,expected_seen,horizons_tmag,11.0,9.5,False,14.869,medium_sbdb_good
5D,5D,5D/Brorsen,1873-10-10,1873,True,AERITH,expected_seen,horizons_tmag,8.3,10.0,False,6.413,medium_sbdb_good
9P,9P,9P/Tempel 1,1873-05-10,1873,True,AERITH,expected_seen,horizons_tmag,12.9,9.0,False,14.564,medium_sbdb_good
1873 Q1,C/1873 Q1,C/1873 Q1 (Borrelly),1873-09-11,1873,False,SBDB,unexpected_seen,failed,,,False,,high_tier3
1873 Q2,C/1873 Q2,C/1873 Q2 (Henry),1873-10-02,1873,False,SBDB,unexpected_seen,failed,,,False,,high_tier3
41P,41P,41P/Tuttle-Giacobini-Kresak,1874-05-15,1874,True,AERITH,expected_not_seen,horizons_tmag,16.9,4.5,True,16.097,high_nuclear_biased
1874 D1,C/1874 D1,C/1874 D1 (Winnecke),1874-03-10,1874,False,SBDB,unexpected_seen,failed,,,False,,high_tier3
1874 G1,C/1874 G1,C/1874 G1 (Winnecke),1874-03-14,1874,False,SBDB,unexpected_seen,failed,,,False,,high_tier3
1874 H1,C/1874 H1,C/1874 H1 (Coggia),1874-07-09,1874,False,SBDB,unexpected_seen,failed,,,False,,high_tier3
1874 O1,C/1874 O1,C/1874 O1 (Borrelly),1874-08-27,1874,False,SBDB,unexpected_seen,failed,,,False,,high_tier3
1874 Q1,C/1874 Q1,C/1874 Q1 (Coggia),1874-07-18,1874,False,SBDB,unexpected_seen,failed,,,False,,high_tier3
1874 X1,C/1874 X1,C/1874 X1 (Borrelly),1874-10-19,1874,False,SBDB,unexpected_seen,failed,,,False,,high_tier3
11P,11P,11P/Tempel-Swift-LINEAR,1875-05-15,1875,True,AERITH,expected_not_seen,horizons_tmag,15.2,20.0,False,17.344,medium_sbdb_good
2P,2P,2P/Encke,1875-04-13,1875,True,AERITH,expected_seen,horizons_tmag,15.6,4.5,True,13.0,high_nuclear_biased
7P,7P,7P/Pons-Winnecke,1875-03-12,1875,True,AERITH,expected_seen,horizons_tmag,16.0,4.5,True,16.391,high_nuclear_biased
226P,226P,226P/Pigott-LINEAR-Kowalski,1876-03-19,1876,True,AERITH,expected_not_seen,horizons_tmag,10.1,21.0,False,16.365,medium_sbdb_good
289P,289P,289P/Blanpain,1877-05-19,1877,True,AERITH,expected_not_seen,horizons_tmag,22.0,4.5,True,23.272,high_nuclear_biased
54P,54P,54P/de Vico-Swift-NEAT,1877-07-13,1877,True,AERITH,expected_not_seen,horizons_tmag,14.2,12.25,False,15.239,medium_sbdb_good
6P,6P,6P/d'Arrest,1877-05-10,1877,True,AERITH,expected_seen,horizons_tmag,15.9,8.5,False,17.992,medium_sbdb_good
80P,80P,80P/Peters-Hartley,1877-12-21,1877,True,AERITH,expected_not_seen,horizons_tmag,11.8,15.75,False,16.613,medium_sbdb_good
1877 C1,C/1877 C1,C/1877 C1 (Borrelly),1877-01-19,1877,False,SBDB,unexpected_seen,failed,,,False,,high_tier3
1877 G1,C/1877 G1,C/1877 G1 (Winnecke),1877-04-18,1877,False,SBDB,unexpected_seen,failed,,,False,,high_tier3
1877 G2,C/1877 G2,C/1877 G2 (Swift),1877-04-27,1877,False,SBDB,unexpected_seen,failed,,,False,,high_tier3
1877 R1,C/1877 R1,C/1877 R1 (Coggia),1877-09-11,1877,False,SBDB,unexpected_seen,failed,,,False,,high_tier3
1877 T1,C/1877 T1,C/1877 T1 (Tempel),1877-06-27,1877,False,SBDB,unexpected_seen,failed,,,False,,high_tier3
10P,10P,10P/Tempel 2,1878-09-07,1878,True,AERITH,expected_seen,horizons_tmag,14.7,4.5,True,14.74,high_nuclear_biased
26P,26P,26P/Grigg-Skjellerup,1878-03-09,1878,True,AERITH,retrospective_not_observed,horizons_tmag,16.5,5.5,True,15.796,high_nuclear_biased
2P,2P,2P/Encke,1878-07-26,1878,True,AERITH,expected_seen,horizons_tmag,15.6,4.5,True,14.002,high_nuclear_biased
1878 N1,C/1878 N1,C/1878 N1 (Swift),1878-07-21,1878,False,SBDB,unexpected_seen,failed,,,False,,high_tier3
3D,3D,3D/Biela,1879-05-30,1879,True,AERITH,expected_not_seen,horizons_tmag,7.1,10.0,False,7.736,medium_sbdb_good
41P,41P,41P/Tuttle-Giacobini-Kresak,1879-09-20,1879,True,AERITH,expected_not_seen,horizons_tmag,16.9,4.5,True,18.752,high_nuclear_biased
5D,5D,5D/Brorsen,1879-03-31,1879,True,AERITH,expected_seen,horizons_tmag,8.3,10.0,False,5.966,medium_sbdb_good
9P,9P,9P/Tempel 1,1879-05-07,1879,True,AERITH,expected_seen,horizons_tmag,12.9,9.0,False,14.584,medium_sbdb_good
1879 M1,C/1879 M1,C/1879 M1 (Swift),1879-04-27,1879,False,SBDB,unexpected_seen,horizons_tmag,6.1,17.75,False,6.649,medium_sbdb_good
1879 Q1,C/1879 Q1,C/1879 Q1 (Palisa),1879-10-05,1879,False,SBDB,unexpected_seen,failed,,,False,,high_tier3
1879 Q2,C/1879 Q2,C/1879 Q2 (Hartwig),1879-08-29,1879,False,SBDB,unexpected_seen,failed,,,False,,high_tier3
11P,11P,11P/Tempel-Swift-LINEAR,1880-11-08,1880,True,AERITH,expected_seen,horizons_tmag,15.2,20.0,False,11.337,medium_sbdb_good
7P,7P,7P/Pons-Winnecke,1880-12-04,1880,True,AERITH,expected_not_seen,horizons_tmag,16.0,4.5,True,16.881,high_nuclear_biased
1880 C1,C/1880 C1,C/1880 C1 (Great southern comet),1880-01-28,1880,False,SBDB,unexpected_seen,failed,,,False,,high_tier3
1880 G1,C/1880 G1,C/1880 G1 (Schaeberle),1880-07-02,1880,False,SBDB,unexpected_seen,failed,,,False,,high_tier3
1880 S1,C/1880 S1,C/1880 S1 (Hartwig),1880-09-07,1880,False,SBDB,unexpected_seen,failed,,,False,,high_tier3
1880 Y1,C/1880 Y1,C/1880 Y1 (Pechule),1880-11-09,1880,False,SBDB,unexpected_seen,failed,,,False,,high_tier3
2P,2P,2P/Encke,1881-11-15,1881,True,AERITH,expected_seen,horizons_tmag,15.6,4.5,True,13.613,high_nuclear_biased
4P,4P,4P/Faye,1881-01-23,1881,True,AERITH,expected_seen,horizons_tmag,11.0,9.5,False,13.99,medium_sbdb_good
72P,72P,72P/Denning-Fujikawa,1881-09-13,1881,True,AERITH,unexpected_seen,horizons_tmag,17.5,19.0,False,12.617,medium_sbdb_good
1881 J1,C/1881 J1,C/1881 J1 (Swift),1881-05-20,1881,False,SBDB,unexpected_seen,failed,,,False,,high_tier3
1881 K1,C/1881 K1,C/1881 K1 (Great comet),1881-06-16,1881,False,SBDB,unexpected_seen,failed,,,False,,high_tier3
1881 N1,C/1881 N1,C/1881 N1 (Schaeberle),1881-08-22,1881,False,SBDB,unexpected_seen,failed,,,False,,high_tier3
1881 S1,C/1881 S1,C/1881 S1 (Barnard),1881-09-14,1881,False,SBDB,unexpected_seen,failed,,,False,,high_tier3
1881 W1,C/1881 W1,C/1881 W1 (Swift),1881-11-20,1881,False,SBDB,unexpected_seen,failed,,,False,,high_tier3
226P,226P,226P/Pigott-LINEAR-Kowalski,1882-11-27,1882,True,AERITH,expected_not_seen,horizons_tmag,10.1,21.0,False,13.655,medium_sbdb_good
289P,289P,289P/Blanpain,1882-08-10,1882,True,AERITH,expected_not_seen,horizons_tmag,22.0,4.5,True,22.815,high_nuclear_biased
1882 F1,C/1882 F1,C/1882 F1 (Wells),1882-06-11,1882,False,SBDB,unexpected_seen,failed,,,False,,high_tier3
1882 R1,C/1882 R1,C/1882 R1 (Great September comet),1882-09-17,1882,False,SBDB,unexpected_seen,failed,,,False,,high_tier3
1882 R2,C/1882 R2,C/1882 R2 (Barnard),1882-11-13,1882,False,SBDB,unexpected_seen,failed,,,False,,high_tier3
10P,10P,10P/Tempel 2,1883-11-20,1883,True,AERITH,expected_not_seen,horizons_tmag,14.7,4.5,True,16.702,high_nuclear_biased
26P,26P,26P/Grigg-Skjellerup,1883-03-18,1883,True,AERITH,retrospective_not_observed,horizons_tmag,16.5,5.5,True,15.104,high_nuclear_biased
54P,54P,54P/de Vico-Swift-NEAT,1883-02-01,1883,True,AERITH,expected_not_seen,horizons_tmag,14.2,12.25,False,16.967,medium_sbdb_good
1883 D1,C/1883 D1,C/1883 D1 (Brooks-Swift),1883-02-19,1883,False,SBDB,unexpected_seen,failed,,,False,,high_tier3
1884 A1,C/1884 A1,C/1884 A1 (Ross),1883-12-25,1883,False,SBDB,unexpected_seen,failed,,,False,,high_tier3
12P,12P,12P/Pons-Brooks,1884-01-26,1884,True,AERITH,expected_seen,horizons_tmag,5.0,15.0,False,2.596,medium_sbdb_good
14P,14P,14P/Wolf,1884-11-18,1884,True,AERITH,unexpected_seen,horizons_tmag,15.6,4.5,True,16.083,high_nuclear_biased
5D,5D,5D/Brorsen,1884-09-13,1884,True,AERITH,expected_not_seen,horizons_tmag,8.3,10.0,False,6.728,medium_sbdb_good
6P,6P,6P/d'Arrest,1884-01-14,1884,True,AERITH,expected_not_seen,horizons_tmag,15.9,8.5,False,18.704,medium_sbdb_good
2P,2P,2P/Encke,1885-03-08,1885,True,AERITH,expected_seen,horizons_tmag,15.6,4.5,True,13.0,high_nuclear_biased
41P,41P,41P/Tuttle-Giacobini-Kresak,1885-01-30,1885,True,AERITH,expected_not_seen,horizons_tmag,16.9,4.5,True,17.712,high_nuclear_biased
80P,80P,80P/Peters-Hartley,1885-11-03,1885,True,AERITH,expected_not_seen,horizons_tmag,11.8,15.75,False,16.698,medium_sbdb_good
8P,8P,8P/Tuttle,1885-09-11,1885,True,AERITH,expected_seen,horizons_tmag,14.6,4.5,True,15.805,high_nuclear_biased
9P,9P,9P/Tempel 1,1885-09-24,1885,True,AERITH,expected_not_seen,horizons_tmag,12.9,9.0,False,17.212,medium_sbdb_good
1885 N1,C/1885 N1,C/1885 N1 (Barnard),1885-08-06,1885,False,SBDB,unexpected_seen,failed,,,False,,high_tier3
1885 R1,C/1885 R1,C/1885 R1 (Brooks),1885-08-10,1885,False,SBDB,unexpected_seen,failed,,,False,,high_tier3
1885 Y1,C/1885 Y1,C/1885 Y1 (Brooks),1885-11-25,1885,False,SBDB,unexpected_seen,failed,,,False,,high_tier3
11P,11P,11P/Tempel-Swift-LINEAR,1886-05-11,1886,True,AERITH,expected_not_seen,horizons_tmag,15.2,20.0,False,17.396,medium_sbdb_good
15P,15P,15P/Finlay,1886-11-22,1886,True,AERITH,unexpected_seen,horizons_tmag,14.9,8.5,False,14.567,medium_sbdb_good
3D,3D,3D/Biela,1886-01-22,1886,True,AERITH,expected_not_seen,horizons_tmag,7.1,10.0,False,3.562,medium_sbdb_good
7P,7P,7P/Pons-Winnecke,1886-09-04,1886,True,AERITH,expected_seen,horizons_tmag,16.0,4.5,True,15.692,high_nuclear_biased
1885 X1,C/1885 X1,C/1885 X1 (Fabry),1886-04-06,1886,False,SBDB,unexpected_seen,failed,,,False,,high_tier3
1885 X2,C/1885 X2,C/1885 X2 (Barnard),1886-05-03,1886,False,SBDB,unexpected_seen,failed,,,False,,high_tier3
1886 H1,C/1886 H1,C/1886 H1 (Brooks),1886-06-07,1886,False,SBDB,unexpected_seen,failed,,,False,,high_tier3
1886 J1,C/1886 J1,C/1886 J1 (Brooks),1886-05-04,1886,False,SBDB,unexpected_seen,failed,,,False,,high_tier3
1886 T1,C/1886 T1,C/1886 T1 (Barnard-Hartwig),1886-12-16,1886,False,SBDB,unexpected_seen,failed,,,False,,high_tier3
1887 B3,C/1887 B3,C/1887 B3 (Barnard),1886-11-28,1886,False,SBDB,unexpected_seen,failed,,,False,,high_tier3
13P,13P,13P/Olbers,1887-10-08,1887,True,AERITH,expected_seen,horizons_tmag,6.9,18.0,False,9.688,medium_sbdb_good
289P,289P,289P/Blanpain,1887-10-31,1887,True,AERITH,expected_not_seen,horizons_tmag,22.0,4.5,True,19.982,high_nuclear_biased
1887 B1,C/1887 B1,C/1887 B1 (Great southern comet),1887-01-11,1887,False,SBDB,unexpected_seen,failed,,,False,,high_tier3
1887 B2,C/1887 B2,C/1887 B2 (Brooks),1887-03-17,1887,False,SBDB,unexpected_seen,failed,,,False,,high_tier3
1887 D1,C/1887 D1,C/1887 D1 (Barnard),1887-03-28,1887,False,SBDB,unexpected_seen,failed,,,False,,high_tier3
1887 J1,C/1887 J1,C/1887 J1 (Barnard),1887-06-17,1887,False,SBDB,unexpected_seen,failed,,,False,,high_tier3
26P,26P,26P/Grigg-Skjellerup,1888-01-13,1888,True,AERITH,retrospective_not_observed,horizons_tmag,16.5,5.5,True,16.561,high_nuclear_biased
2P,2P,2P/Encke,1888-06-28,1888,True,AERITH,expected_seen,horizons_tmag,15.6,4.5,True,13.845,high_nuclear_biased
4P,4P,4P/Faye,1888-08-20,1888,True,AERITH,expected_seen,horizons_tmag,11.0,9.5,False,14.382,medium_sbdb_good
54P,54P,54P/de Vico-Swift-NEAT,1888-11-28,1888,True,AERITH,expected_not_seen,horizons_tmag,14.2,12.25,False,16.919,medium_sbdb_good
1888 D1,C/1888 D1,C/1888 D1 (Sawerthal),1888-03-17,1888,False,SBDB,unexpected_seen,failed,,,False,,high_tier3
1888 P1,C/1888 P1,C/1888 P1 (Brooks),1888-07-31,1888,False,SBDB,unexpected_seen,failed,,,False,,high_tier3
1888 U1,C/1888 U1,C/1888 U1 (Barnard),1888-09-13,1888,False,SBDB,unexpected_seen,failed,,,False,,high_tier3
10P,10P,10P/Tempel 2,1889-02-02,1889,True,AERITH,expected_not_seen,horizons_tmag,14.7,4.5,True,17.113,high_nuclear_biased
16P,16P,16P/Brooks 2,1889-09-30,1889,True,AERITH,unexpected_seen,horizons_tmag,12.2,13.5,False,16.008,medium_sbdb_good
177P,177P,177P/Barnard 2,1889-06-21,1889,True,AERITH,unexpected_seen,horizons_tmag,15.7,13.0,False,16.371,medium_sbdb_good
226P,226P,226P/Pigott-LINEAR-Kowalski,1889-07-30,1889,True,AERITH,expected_not_seen,horizons_tmag,10.1,21.0,False,15.979,medium_sbdb_good
64P,64P,64P/Swift-Gehrels,1889-11-30,1889,True,AERITH,unexpected_seen,horizons_tmag,14.5,6.0,False,14.38,medium_sbdb_good
1888 R1,C/1888 R1,C/1888 R1 (Barnard),1889-01-31,1889,False,SBDB,unexpected_seen,failed,,,False,,high_tier3
1889 G1,C/1889 G1,C/1889 G1 (Barnard),1889-06-11,1889,False,SBDB,unexpected_seen,failed,,,False,,high_tier3
1889 O1,C/1889 O1,C/1889 O1 (Davidson),1889-07-19,1889,False,SBDB,unexpected_seen,failed,,,False,,high_tier3
113P,113P,113P/Spitaler,1890-10-27,1890,True,AERITH,unexpected_seen,horizons_tmag,14.7,8.0,False,16.536,medium_sbdb_good
41P,41P,41P/Tuttle-Giacobini-Kresak,1890-06-19,1890,True,AERITH,expected_not_seen,horizons_tmag,16.9,4.5,True,17.49,high_nuclear_biased
5D,5D,5D/Brorsen,1890-02-25,1890,True,AERITH,expected_not_seen,horizons_tmag,8.3,10.0,False,4.928,medium_sbdb_good
6P,6P,6P/d'Arrest,1890-09-18,1890,True,AERITH,expected_seen,horizons_tmag,15.9,8.5,False,16.304,medium_sbdb_good
72P,72P,72P/Denning-Fujikawa,1890-05-18,1890,True,AERITH,expected_not_seen,horizons_tmag,17.5,19.0,False,16.062,medium_sbdb_good
1889 X1,C/1889 X1,C/1889 X1 (Borrelly),1890-01-26,1890,False,SBDB,unexpected_seen,failed,,,False,,high_tier3
1890 F1,C/1890 F1,C/1890 F1 (Brooks),1890-06-02,1890,False,SBDB,unexpected_seen,failed,,,False,,high_tier3
1890 O1,C/1890 O1,C/1890 O1 (Coggia),1890-07-09,1890,False,SBDB,unexpected_seen,failed,,,False,,high_tier3
1890 O2,C/1890 O2,C/1890 O2 (Denning),1890-09-25,1890,False,SBDB,unexpected_seen,failed,,,False,,high_tier3
1890 V1,C/1890 V1,C/1890 V1 (Zona),1890-08-06,1890,False,SBDB,unexpected_seen,failed,,,False,,high_tier3
11P,11P,11P/Tempel-Swift-LINEAR,1891-11-17,1891,True,AERITH,expected_seen,horizons_tmag,15.2,20.0,False,12.88,medium_sbdb_good
14P,14P,14P/Wolf,1891-09-03,1891,True,AERITH,expected_seen,horizons_tmag,15.6,4.5,True,16.115,high_nuclear_biased
2P,2P,2P/Encke,1891-10-18,1891,True,AERITH,expected_seen,horizons_tmag,15.6,4.5,True,13.942,high_nuclear_biased
1891 F1,C/1891 F1,C/1891 F1 (Barnard-Denning),1891-04-28,1891,False,SBDB,unexpected_seen,failed,,,False,,high_tier3
1891 T1,C/1891 T1,C/1891 T1 (Barnard),1891-11-14,1891,False,SBDB,unexpected_seen,failed,,,False,,high_tier3
17P,17P,17P/Holmes,1892-06-13,1892,True,AERITH,unexpected_seen,horizons_tmag,9.4,14.75,False,15.411,medium_sbdb_good
206P,206P,206P/Barnard-Boattini,1892-12-11,1892,True,AERITH,unexpected_seen,horizons_tmag,20.3,10.0,False,22.292,medium_sbdb_good
26P,26P,26P/Grigg-Skjellerup,1892-11-07,1892,True,AERITH,retrospective_not_observed,horizons_tmag,16.5,5.5,True,17.053,high_nuclear_biased
3D,3D,3D/Biela,1892-08-27,1892,True,AERITH,expected_not_seen,horizons_tmag,7.1,10.0,False,7.558,medium_sbdb_good
7P,7P,7P/Pons-Winnecke,1892-07-01,1892,True,AERITH,expected_seen,horizons_tmag,16.0,4.5,True,11.0,high_nuclear_biased
9P,9P,9P/Tempel 1,1892-03-29,1892,True,AERITH,expected_not_seen,horizons_tmag,12.9,9.0,False,16.189,medium_sbdb_good
1892 E1,C/1892 E1,C/1892 E1 (Swift),1892-04-07,1892,False,SBDB,unexpected_seen,failed,,,False,,high_tier3
1892 F1,C/1892 F1,C/1892 F1 (Denning),1892-05-11,1892,False,SBDB,unexpected_seen,failed,,,False,,high_tier3
1892 Q1,C/1892 Q1,C/1892 Q1 (Brooks),1892-12-28,1892,False,SBDB,unexpected_seen,failed,,,False,,high_tier3
15P,15P,15P/Finlay,1893-07-12,1893,True,AERITH,expected_seen,horizons_tmag,14.9,8.5,False,15.315,medium_sbdb_good
289P,289P,289P/Blanpain,1893-01-22,1893,True,AERITH,expected_not_seen,horizons_tmag,22.0,4.5,True,21.342,high_nuclear_biased
80P,80P,80P/Peters-Hartley,1893-11-04,1893,True,AERITH,expected_not_seen,horizons_tmag,11.8,15.75,False,16.754,medium_sbdb_good
1892 W1,C/1892 W1,C/1892 W1 (Brooks),1893-01-06,1893,False,SBDB,unexpected_seen,failed,,,False,,high_tier3
1893 N1,C/1893 N1,C/1893 N1 (Rordame-Quenisset),1893-07-07,1893,False,SBDB,unexpected_seen,failed,,,False,,high_tier3
1893 U1,C/1893 U1,C/1893 U1 (Brooks),1893-09-19,1893,False,SBDB,unexpected_seen,failed,,,False,,high_tier3
10P,10P,10P/Tempel 2,1894-04-23,1894,True,AERITH,expected_seen,horizons_tmag,14.7,4.5,True,16.436,high_nuclear_biased
489P,489P,489P/Denning,1894-02-09,1894,True,AERITH,unexpected_seen,horizons_tmag,7.6,49.25,False,7.665,medium_sbdb_good
54P,54P,54P/de Vico-Swift-NEAT,1894-10-12,1894,True,AERITH,expected_seen,horizons_tmag,14.2,12.25,False,15.325,medium_sbdb_good
1894 G1,C/1894 G1,C/1894 G1 (Gale),1894-04-13,1894,False,SBDB,unexpected_seen,failed,,,False,,high_tier3
2P,2P,2P/Encke,1895-02-05,1895,True,AERITH,expected_seen,horizons_tmag,15.6,4.5,True,13.0,high_nuclear_biased
5D,5D,5D/Brorsen,1895-08-10,1895,True,AERITH,expected_not_seen,horizons_tmag,8.3,10.0,False,6.966,medium_sbdb_good
95P,95P,95P/(2060) Chiron,1895-03-16,1895,True,AERITH,retrospective_pre_discovery,failed,,,False,,high_tier3
1895 W1,C/1895 W1,C/1895 W1 (Perrine),1895-12-18,1895,False,SBDB,unexpected_seen,failed,,,False,,high_tier3
1895 W2,C/1895 W2,C/1895 W2 (Brooks),1895-10-21,1895,False,SBDB,unexpected_seen,failed,,,False,,high_tier3
16P,16P,16P/Brooks 2,1896-11-04,1896,True,AERITH,expected_seen,horizons_tmag,12.2,13.5,False,16.382,medium_sbdb_good
18D,18D,18D/Perrine-Mrkos,1896-11-25,1896,True,AERITH,unexpected_seen,horizons_tmag,11.5,20.0,False,9.502,medium_sbdb_good
205P,205P,205P/Giacobini,1896-10-28,1896,True,AERITH,unexpected_seen,failed,,,False,,high_tier3
226P,226P,226P/Pigott-LINEAR-Kowalski,1896-03-31,1896,True,AERITH,expected_not_seen,horizons_tmag,10.1,21.0,False,16.306,medium_sbdb_good
41P,41P,41P/Tuttle-Giacobini-Kresak,1896-02-21,1896,True,AERITH,expected_not_seen,horizons_tmag,16.9,4.5,True,17.605,high_nuclear_biased
4P,4P,4P/Faye,1896-03-19,1896,True,AERITH,expected_seen,horizons_tmag,11.0,9.5,False,15.187,medium_sbdb_good
1896 C1,C/1896 C1,C/1896 C1 (Perrine-Lamp),1896-02-01,1896,False,SBDB,unexpected_seen,failed,,,False,,high_tier3
1896 G1,C/1896 G1,C/1896 G1 (Swift),1896-04-18,1896,False,SBDB,unexpected_seen,failed,,,False,,high_tier3
1896 R1,C/1896 R1,C/1896 R1 (Sperra),1896-07-11,1896,False,SBDB,unexpected_seen,failed,,,False,,high_tier3
113P,113P,113P/Spitaler,1897-03-01,1897,True,AERITH,expected_not_seen,horizons_tmag,14.7,8.0,False,17.95,medium_sbdb_good
11P,11P,11P/Tempel-Swift-LINEAR,1897-06-06,1897,True,AERITH,expected_not_seen,horizons_tmag,15.2,20.0,False,17.471,medium_sbdb_good
26P,26P,26P/Grigg-Skjellerup,1897-09-02,1897,True,AERITH,retrospective_not_observed,horizons_tmag,16.5,5.5,True,17.004,high_nuclear_biased
6P,6P,6P/d'Arrest,1897-05-23,1897,True,AERITH,expected_seen,horizons_tmag,15.9,8.5,False,17.765,medium_sbdb_good
1896 V1,C/1896 V1,C/1896 V1 (Perrine),1897-02-08,1897,False,SBDB,unexpected_seen,failed,,,False,,high_tier3
1897 U1,C/1897 U1,C/1897 U1 (Perrine),1897-12-09,1897,False,SBDB,unexpected_seen,failed,,,False,,high_tier3
14P,14P,14P/Wolf,1898-07-05,1898,True,AERITH,expected_seen,horizons_tmag,15.6,4.5,True,17.729,high_nuclear_biased
289P,289P,289P/Blanpain,1898-04-22,1898,True,AERITH,expected_not_seen,horizons_tmag,22.0,4.5,True,23.161,high_nuclear_biased
2P,2P,2P/Encke,1898-05-27,1898,True,AERITH,expected_seen,horizons_tmag,15.6,4.5,True,12.686,high_nuclear_biased
7P,7P,7P/Pons-Winnecke,1898-03-20,1898,True,AERITH,expected_seen,horizons_tmag,16.0,4.5,True,16.553,high_nuclear_biased
9P,9P,9P/Tempel 1,1898-10-03,1898,True,AERITH,expected_not_seen,horizons_tmag,12.9,9.0,False,17.367,medium_sbdb_good
1898 F1,C/1898 F1,C/1898 F1 (Perrine),1898-03-17,1898,False,SBDB,unexpected_seen,horizons_tmag,6.4,10.75,False,7.832,medium_sbdb_good
1898 L1,C/1898 L1,C/1898 L1 (Coddington-Pauly),1898-09-14,1898,False,SBDB,unexpected_seen,failed,,,False,,high_tier3
1898 L2,C/1898 L2,C/1898 L2 (Perrine),1898-08-16,1898,False,SBDB,unexpected_seen,failed,,,False,,high_tier3
1898 M1,C/1898 M1,C/1898 M1 (Giacobini),1898-07-25,1898,False,SBDB,unexpected_seen,failed,,,False,,high_tier3
1898 R1,C/1898 R1,C/1898 R1 (Perrine-Chofardet),1898-10-21,1898,False,SBDB,unexpected_seen,horizons_tmag,7.5,4.5,True,6.549,high_nuclear_biased
1898 U1,C/1898 U1,C/1898 U1 (Brooks),1898-11-23,1898,False,SBDB,unexpected_seen,failed,,,False,,high_tier3
1898 V1,C/1898 V1,C/1898 V1 (Chase),1898-09-20,1898,False,SBDB,unexpected_seen,failed,,,False,,high_tier3
10P,10P,10P/Tempel 2,1899-07-29,1899,True,AERITH,expected_seen,horizons_tmag,14.7,4.5,True,13.209,high_nuclear_biased
17P,17P,17P/Holmes,1899-04-28,1899,True,AERITH,expected_seen,horizons_tmag,9.4,14.75,False,16.174,medium_sbdb_good
206P,206P,206P/Barnard-Boattini,1899-06-07,1899,True,AERITH,expected_not_seen,horizons_tmag,20.3,10.0,False,23.506,medium_sbdb_good
3D,3D,3D/Biela,1899-04-24,1899,True,AERITH,expected_not_seen,horizons_tmag,7.1,10.0,False,7.401,medium_sbdb_good
55P,55P,55P/Tempel-Tuttle,1899-07-01,1899,True,AERITH,expected_not_seen,horizons_tmag,10.0,25.0,False,10.969,medium_sbdb_good
64P,64P,64P/Swift-Gehrels,1899-02-01,1899,True,AERITH,expected_not_seen,horizons_tmag,14.5,6.0,False,16.452,medium_sbdb_good
72P,72P,72P/Denning-Fujikawa,1899-03-16,1899,True,AERITH,expected_not_seen,horizons_tmag,17.5,19.0,False,16.266,medium_sbdb_good
8P,8P,8P/Tuttle,1899-05-04,1899,True,AERITH,expected_seen,horizons_tmag,14.6,4.5,True,15.794,high_nuclear_biased
1899 E1,C/1899 E1,C/1899 E1 (Swift),1899-04-13,1899,False,SBDB,unexpected_seen,failed,,,False,,high_tier3
1899 S1,C/1899 S1,C/1899 S1 (Giacobini),1899-09-15,1899,False,SBDB,unexpected_seen,failed,,,False,,high_tier3
15P,15P,15P/Finlay,1900-02-17,1900,True,AERITH,expected_not_seen,horizons_tmag,14.9,8.5,False,16.107,medium_sbdb_good
21P,21P,21P/Giacobini-Zinner,1900-11-28,1900,True,AERITH,unexpected_seen,horizons_tmag,13.2,8.25,False,12.721,medium_sbdb_good
1900 B1,C/1900 B1,C/1900 B1 (Giacobini),1900-04-29,1900,False,SBDB,unexpected_seen,failed,,,False,,high_tier3
1900 O1,C/1900 O1,C/1900 O1 (Borrelly-Brooks),1900-08-03,1900,False,SBDB,unexpected_seen,failed,,,False,,high_tier3
27P,27P,27P/Crommelin,1901-05-14,1901,True,AERITH,expected_not_seen,horizons_tmag,12.7,27.75,False,10.179,medium_sbdb_good
2P,2P,2P/Encke,1901-09-15,1901,True,AERITH,expected_seen,horizons_tmag,15.6,4.5,True,14.133,high_nuclear_biased
41P,41P,41P/Tuttle-Giacobini-Kresak,1901-10-28,1901,True,AERITH,expected_not_seen,horizons_tmag,16.9,4.5,True,18.995,high_nuclear_biased
489P,489P,489P/Denning,1901-07-21,1901,True,AERITH,expected_not_seen,horizons_tmag,7.6,49.25,False,12.33,medium_sbdb_good
54P,54P,54P/de Vico-Swift-NEAT,1901-02-17,1901,True,AERITH,expected_not_seen,horizons_tmag,14.2,12.25,False,19.004,medium_sbdb_good
5D,5D,5D/Brorsen,1901-01-24,1901,True,AERITH,expected_not_seen,horizons_tmag,8.3,10.0,False,4.0,medium_sbdb_good
80P,80P,80P/Peters-Hartley,1901-11-05,1901,True,AERITH,expected_not_seen,horizons_tmag,11.8,15.75,False,16.706,medium_sbdb_good
1901 G1,C/1901 G1,C/1901 G1 (Great comet),1901-04-24,1901,False,SBDB,unexpected_seen,failed,,,False,,high_tier3
226P,226P,226P/Pigott-LINEAR-Kowalski,1902-10-20,1902,True,AERITH,expected_not_seen,horizons_tmag,10.1,21.0,False,12.627,medium_sbdb_good
26P,26P,26P/Grigg-Skjellerup,1902-07-03,1902,True,AERITH,retrospective_pre_discovery,horizons_tmag,16.5,5.5,True,15.597,high_nuclear_biased
1902 G1,C/1902 G1,C/1902 G1 (Brooks),1902-05-07,1902,False,SBDB,unexpected_seen,failed,,,False,,high_tier3
1902 R1,C/1902 R1,C/1902 R1 (Perrine),1902-11-24,1902,False,SBDB,unexpected_seen,failed,,,False,,high_tier3
113P,113P,113P/Spitaler,1903-12-15,1903,True,AERITH,expected_not_seen,horizons_tmag,14.7,8.0,False,17.458,medium_sbdb_good
11P,11P,11P/Tempel-Swift-LINEAR,1903-01-28,1903,True,AERITH,expected_not_seen,horizons_tmag,15.2,20.0,False,17.185,medium_sbdb_good
16P,16P,16P/Brooks 2,1903-12-06,1903,True,AERITH,expected_seen,horizons_tmag,12.2,13.5,False,16.935,medium_sbdb_good
18D,18D,18D/Perrine-Mrkos,1903-04-22,1903,True,AERITH,expected_not_seen,horizons_tmag,11.5,20.0,False,14.513,medium_sbdb_good
205P,205P,205P/Giacobini,1903-06-19,1903,True,AERITH,expected_not_seen,failed,,,False,,high_tier3
289P,289P,289P/Blanpain,1903-09-30,1903,True,AERITH,expected_not_seen,horizons_tmag,22.0,4.5,True,22.29,high_nuclear_biased
4P,4P,4P/Faye,1903-06-05,1903,True,AERITH,expected_not_seen,horizons_tmag,11.0,9.5,False,15.108,medium_sbdb_good
1902 X1,C/1902 X1,C/1902 X1 (Giacobini),1903-03-23,1903,False,SBDB,unexpected_seen,failed,,,False,,high_tier3
1903 A1,C/1903 A1,C/1903 A1 (Giacobini),1903-03-16,1903,False,SBDB,unexpected_seen,failed,,,False,,high_tier3
1903 H1,C/1903 H1,C/1903 H1 (Grigg),1903-03-25,1903,False,SBDB,unexpected_seen,failed,,,False,,high_tier3
1903 M1,C/1903 M1,C/1903 M1 (Borrelly),1903-08-28,1903,False,SBDB,unexpected_seen,failed,,,False,,high_tier3
10P,10P,10P/Tempel 2,1904-11-10,1904,True,AERITH,expected_seen,horizons_tmag,14.7,4.5,True,16.644,high_nuclear_biased
38P,38P,38P/Stephan-Oterma,1904-05-24,1904,True,AERITH,expected_not_seen,horizons_tmag,11.6,9.5,False,15.565,medium_sbdb_good
6P,6P,6P/d'Arrest,1904-01-29,1904,True,AERITH,expected_not_seen,horizons_tmag,15.9,8.5,False,18.718,medium_sbdb_good
7P,7P,7P/Pons-Winnecke,1904-01-21,1904,True,AERITH,expected_not_seen,horizons_tmag,16.0,4.5,True,17.19,high_nuclear_biased
1904 H1,C/1904 H1,C/1904 H1 (Brooks),1904-03-07,1904,False,SBDB,unexpected_seen,failed,,,False,,high_tier3
1904 Y1,C/1904 Y1,C/1904 Y1 (Giacobini),1904-11-03,1904,False,SBDB,unexpected_seen,failed,,,False,,high_tier3
14P,14P,14P/Wolf,1905-05-04,1905,True,AERITH,expected_not_seen,horizons_tmag,15.6,4.5,True,18.538,high_nuclear_biased
19P,19P,19P/Borrelly,1905-01-17,1905,True,AERITH,unexpected_seen,horizons_tmag,9.8,14.5,False,11.809,medium_sbdb_good
206P,206P,206P/Barnard-Boattini,1905-12-02,1905,True,AERITH,expected_not_seen,horizons_tmag,20.3,10.0,False,21.975,medium_sbdb_good
2P,2P,2P/Encke,1905-01-12,1905,True,AERITH,expected_seen,horizons_tmag,15.6,4.5,True,12.954,high_nuclear_biased
3D,3D,3D/Biela,1905-11-21,1905,True,AERITH,expected_not_seen,horizons_tmag,7.1,10.0,False,4.208,medium_sbdb_good
9P,9P,9P/Tempel 1,1905-04-21,1905,True,AERITH,expected_not_seen,horizons_tmag,12.9,9.0,False,16.09,medium_sbdb_good
1905 F1,C/1905 F1,C/1905 F1 (Giacobini),1905-04-04,1905,False,SBDB,unexpected_seen,failed,,,False,,high_tier3
1905 W1,C/1905 W1,C/1905 W1 (Schaer),1905-10-25,1905,False,SBDB,unexpected_seen,failed,,,False,,high_tier3
1906 B1,C/1906 B1,C/1906 B1 (Brooks),1905-12-22,1905,False,SBDB,unexpected_seen,horizons_tmag,7.0,16.75,False,9.549,medium_sbdb_good
1906 E1,C/1906 E1,C/1906 E1 (Kopff),1905-10-18,1905,False,SBDB,unexpected_seen,failed,,,False,,high_tier3
15P,15P,15P/Finlay,1906-09-08,1906,True,AERITH,expected_seen,horizons_tmag,14.9,8.5,False,12.126,medium_sbdb_good
17P,17P,17P/Holmes,1906-03-14,1906,True,AERITH,expected_seen,horizons_tmag,9.4,14.75,False,16.673,medium_sbdb_good
22P,22P,22P/Kopff,1906-05-03,1906,True,AERITH,unexpected_seen,horizons_tmag,11.9,9.75,False,14.634,medium_sbdb_good
5D,5D,5D/Brorsen,1906-07-17,1906,True,AERITH,expected_not_seen,horizons_tmag,8.3,10.0,False,7.055,medium_sbdb_good
97P,97P,97P/Metcalf-Brewington,1906-10-10,1906,True,AERITH,unexpected_seen,horizons_tmag,13.7,7.75,False,14.618,medium_sbdb_good
1905 X1,C/1905 X1,C/1905 X1 (Giacobini),1906-01-22,1906,False,SBDB,unexpected_seen,failed,,,False,,high_tier3
1906 F1,C/1906 F1,C/1906 F1 (Ross),1906-02-21,1906,False,SBDB,unexpected_seen,failed,,,False,,high_tier3
1906 V1,C/1906 V1,C/1906 V1 (Thiele),1906-11-21,1906,False,SBDB,unexpected_seen,failed,,,False,,high_tier3
21P,21P,21P/Giacobini-Zinner,1907-05-19,1907,True,AERITH,expected_not_seen,horizons_tmag,13.2,8.25,False,14.182,medium_sbdb_good
26P,26P,26P/Grigg-Skjellerup,1907-06-01,1907,True,AERITH,retrospective_not_observed,horizons_tmag,16.5,5.5,True,15.01,high_nuclear_biased
41P,41P,41P/Tuttle-Giacobini-Kresak,1907-05-29,1907,True,AERITH,expected_seen,horizons_tmag,16.9,4.5,True,16.845,high_nuclear_biased
54P,54P,54P/de Vico-Swift-NEAT,1907-07-19,1907,True,AERITH,expected_not_seen,horizons_tmag,14.2,12.25,False,17.248,medium_sbdb_good
1907 E1,C/1907 E1,C/1907 E1 (Giacobini),1907-03-19,1907,False,SBDB,unexpected_seen,failed,,,False,,high_tier3
1907 G1,C/1907 G1,C/1907 G1 (Grigg-Mellish),1907-03-27,1907,False,SBDB,unexpected_seen,failed,,,False,,high_tier3
1907 L2,C/1907 L2,C/1907 L2 (Daniel),1907-09-04,1907,False,SBDB,unexpected_seen,failed,,,False,,high_tier3
1907 T1,C/1907 T1,C/1907 T1 (Mellish),1907-09-14,1907,False,SBDB,unexpected_seen,failed,,,False,,high_tier3
11P,11P,11P/Tempel-Swift-LINEAR,1908-10-05,1908,True,AERITH,expected_seen,horizons_tmag,15.2,20.0,False,15.422,medium_sbdb_good
29P,29P,29P/Schwassmann-Wachmann 1,1908-10-18,1908,True,AERITH,retrospective_pre_discovery,horizons_tmag,10.1,4.5,True,16.691,high_nuclear_biased
2P,2P,2P/Encke,1908-05-01,1908,True,AERITH,expected_seen,horizons_tmag,15.6,4.5,True,12.944,high_nuclear_biased
489P,489P,489P/Denning,1908-12-30,1908,True,AERITH,expected_not_seen,horizons_tmag,7.6,49.25,False,9.563,medium_sbdb_good
64P,64P,64P/Swift-Gehrels,1908-03-29,1908,True,AERITH,expected_not_seen,horizons_tmag,14.5,6.0,False,17.044,medium_sbdb_good
72P,72P,72P/Denning-Fujikawa,1908-01-12,1908,True,AERITH,expected_not_seen,horizons_tmag,17.5,19.0,False,15.505,medium_sbdb_good
1908 R1,C/1908 R1,C/1908 R1 (Morehouse),1908-12-26,1908,False,SBDB,unexpected_seen,failed,,,False,,high_tier3
18D,18D,18D/Perrine-Mrkos,1909-11-01,1909,True,AERITH,expected_seen,horizons_tmag,11.5,20.0,False,10.156,medium_sbdb_good
226P,226P,226P/Pigott-LINEAR-Kowalski,1909-03-23,1909,True,AERITH,expected_not_seen,horizons_tmag,10.1,21.0,False,15.167,medium_sbdb_good
289P,289P,289P/Blanpain,1909-03-26,1909,True,AERITH,expected_not_seen,horizons_tmag,22.0,4.5,True,23.221,high_nuclear_biased
33P,33P,33P/Daniel,1909-11-29,1909,True,AERITH,unexpected_seen,horizons_tmag,15.5,4.5,True,14.255,high_nuclear_biased
7P,7P,7P/Pons-Winnecke,1909-10-09,1909,True,AERITH,expected_seen,horizons_tmag,16.0,4.5,True,16.886,high_nuclear_biased
80P,80P,80P/Peters-Hartley,1909-10-10,1909,True,AERITH,expected_not_seen,horizons_tmag,11.8,15.75,False,16.662,medium_sbdb_good
1909 L1,C/1909 L1,C/1909 L1 (Borrelly-Daniel),1909-06-05,1909,False,SBDB,unexpected_seen,failed,,,False,,high_tier3
10P,10P,10P/Tempel 2,1910-02-10,1910,True,AERITH,expected_not_seen,horizons_tmag,14.7,4.5,True,17.046,high_nuclear_biased
113P,113P,113P/Spitaler,1910-10-24,1910,True,AERITH,expected_not_seen,horizons_tmag,14.7,8.0,False,17.583,medium_sbdb_good
1P,1P,1P/Halley,1910-04-20,1910,True,AERITH,expected_seen,horizons_tmag,5.5,8.0,False,1.0,medium_sbdb_good
205P,205P,205P/Giacobini,1910-02-02,1910,True,AERITH,expected_not_seen,failed,,,False,,high_tier3
4P,4P,4P/Faye,1910-11-02,1910,True,AERITH,expected_seen,horizons_tmag,11.0,9.5,False,12.236,medium_sbdb_good
6P,6P,6P/d'Arrest,1910-09-16,1910,True,AERITH,expected_seen,horizons_tmag,15.9,8.5,False,15.945,medium_sbdb_good
1910 A1,C/1910 A1,C/1910 A1 (Great January comet),1910-01-17,1910,False,SBDB,unexpected_seen,failed,,,False,,high_tier3
1910 P1,C/1910 P1,C/1910 P1 (Metcalf),1910-09-16,1910,False,SBDB,unexpected_seen,failed,,,False,,high_tier3
16P,16P,16P/Brooks 2,1911-01-08,1911,True,AERITH,expected_seen,horizons_tmag,12.2,13.5,False,17.651,medium_sbdb_good
19P,19P,19P/Borrelly,1911-12-18,1911,True,AERITH,expected_seen,horizons_tmag,9.8,14.5,False,10.482,medium_sbdb_good
24P,24P,24P/Schaumasse,1911-11-13,1911,True,AERITH,unexpected_seen,horizons_tmag,14.5,9.25,False,16.236,medium_sbdb_good
2P,2P,2P/Encke,1911-08-19,1911,True,AERITH,expected_seen,horizons_tmag,15.6,4.5,True,14.12,high_nuclear_biased
9P,9P,9P/Tempel 1,1911-11-04,1911,True,AERITH,expected_not_seen,horizons_tmag,12.9,9.0,False,17.864,medium_sbdb_good
1911 N1,C/1911 N1,C/1911 N1 (Kiess),1911-06-30,1911,False,SBDB,unexpected_seen,failed,,,False,,high_tier3
1911 O1,C/1911 O1,C/1911 O1 (Brooks),1911-10-28,1911,False,SBDB,unexpected_seen,failed,,,False,,high_tier3
1911 S2,C/1911 S2,C/1911 S2 (Quenisset),1911-11-12,1911,False,SBDB,unexpected_seen,failed,,,False,,high_tier3
1911 S3,C/1911 S3,C/1911 S3 (Beljawsky),1911-10-10,1911,False,SBDB,unexpected_seen,failed,,,False,,high_tier3
14P,14P,14P/Wolf,1912-02-24,1912,True,AERITH,expected_seen,horizons_tmag,15.6,4.5,True,18.317,high_nuclear_biased
206P,206P,206P/Barnard-Boattini,1912-05-16,1912,True,AERITH,expected_not_seen,horizons_tmag,20.3,10.0,False,23.579,medium_sbdb_good
22P,22P,22P/Kopff,1912-11-25,1912,True,AERITH,expected_not_seen,horizons_tmag,11.9,9.75,False,16.134,medium_sbdb_good
26P,26P,26P/Grigg-Skjellerup,1912-05-29,1912,True,AERITH,retrospective_not_observed,horizons_tmag,16.5,5.5,True,14.831,high_nuclear_biased
3D,3D,3D/Biela,1912-07-01,1912,True,AERITH,expected_not_seen,horizons_tmag,7.1,10.0,False,7.651,medium_sbdb_good
41P,41P,41P/Tuttle-Giacobini-Kresak,1912-12-26,1912,True,AERITH,expected_not_seen,horizons_tmag,16.9,4.5,True,18.388,high_nuclear_biased
5D,5D,5D/Brorsen,1912-01-12,1912,True,AERITH,expected_not_seen,horizons_tmag,8.3,10.0,False,4.0,medium_sbdb_good
8P,8P,8P/Tuttle,1912-10-28,1912,True,AERITH,expected_seen,horizons_tmag,14.6,4.5,True,15.04,high_nuclear_biased
1912 R1,C/1912 R1,C/1912 R1 (Gale),1912-10-05,1912,False,SBDB,unexpected_seen,failed,,,False,,high_tier3
1912 V1,C/1912 V1,C/1912 V1 (Borrelly),1912-10-21,1912,False,SBDB,unexpected_seen,failed,,,False,,high_tier3
15P,15P,15P/Finlay,1913-02-07,1913,True,AERITH,expected_not_seen,horizons_tmag,14.9,8.5,False,16.249,medium_sbdb_good
17P,17P,17P/Holmes,1913-07-14,1913,True,AERITH,expected_not_seen,horizons_tmag,9.4,14.75,False,15.835,medium_sbdb_good
20D,20D,20D/Westphal,1913-11-26,1913,True,AERITH,expected_seen,horizons_tmag,8.8,10.0,False,9.211,medium_sbdb_good
21P,21P,21P/Giacobini-Zinner,1913-11-02,1913,True,AERITH,expected_seen,horizons_tmag,13.2,8.25,False,11.671,medium_sbdb_good
28P,28P,28P/Neujmin 1,1913-08-16,1913,True,AERITH,unexpected_seen,horizons_tmag,13.2,4.5,True,12.748,high_nuclear_biased
54P,54P,54P/de Vico-Swift-NEAT,1913-12-27,1913,True,AERITH,expected_not_seen,horizons_tmag,14.2,12.25,False,18.604,medium_sbdb_good
1913 J1,C/1913 J1,C/1913 J1 (Schaumasse),1913-05-15,1913,False,SBDB,unexpected_seen,failed,,,False,,high_tier3
1913 R1,C/1913 R1,C/1913 R1 (Metcalf),1913-09-14,1913,False,SBDB,unexpected_seen,failed,,,False,,high_tier3
11P,11P,11P/Tempel-Swift-LINEAR,1914-07-22,1914,True,AERITH,expected_not_seen,horizons_tmag,15.2,20.0,False,18.3,medium_sbdb_good
289P,289P,289P/Blanpain,1914-09-06,1914,True,AERITH,expected_not_seen,horizons_tmag,22.0,4.5,True,22.553,high_nuclear_biased
2P,2P,2P/Encke,1914-12-05,1914,True,AERITH,expected_seen,horizons_tmag,15.6,4.5,True,12.711,high_nuclear_biased
97P,97P,97P/Metcalf-Brewington,1914-06-07,1914,True,AERITH,expected_not_seen,horizons_tmag,13.7,7.75,False,17.151,medium_sbdb_good
1913 Y1,C/1913 Y1,C/1913 Y1 (Delavan),1914-10-26,1914,False,SBDB,unexpected_seen,horizons_tmag,4.8,4.25,True,6.033,high_nuclear_biased
1914 F1,C/1914 F1,C/1914 F1 (Kritzinger),1914-06-04,1914,False,SBDB,unexpected_seen,horizons_tmag,11.1,4.5,True,10.015,high_nuclear_biased
1914 J1,C/1914 J1,C/1914 J1 (Zlatinsky),1914-05-08,1914,False,SBDB,unexpected_seen,horizons_tmag,9.0,8.0,False,5.992,medium_sbdb_good
1914 M1,C/1914 M1,C/1914 M1 (Neujmin),1914-07-30,1914,False,SBDB,unexpected_seen,failed,,,False,,high_tier3
1914 S1,C/1914 S1,C/1914 S1 (Campbell),1914-08-03,1914,False,SBDB,unexpected_seen,failed,,,False,,high_tier3
10P,10P,10P/Tempel 2,1915-04-14,1915,True,AERITH,expected_seen,horizons_tmag,14.7,4.5,True,16.544,high_nuclear_biased
226P,226P,226P/Pigott-LINEAR-Kowalski,1915-09-15,1915,True,AERITH,expected_not_seen,horizons_tmag,10.1,21.0,False,14.434,medium_sbdb_good
7P,7P,7P/Pons-Winnecke,1915-09-02,1915,True,AERITH,expected_seen,horizons_tmag,16.0,4.5,True,16.079,high_nuclear_biased
1915 C1,C/1915 C1,C/1915 C1 (Mellish),1915-07-17,1915,False,SBDB,unexpected_seen,horizons_tmag,7.7,4.5,True,6.013,high_nuclear_biased
1915 R1,C/1915 R1,C/1915 R1 (Mellish),1915-10-13,1915,False,SBDB,unexpected_seen,failed,,,False,,high_tier3
18D,18D,18D/Perrine-Mrkos,1916-05-22,1916,True,AERITH,expected_not_seen,horizons_tmag,11.5,20.0,False,14.725,medium_sbdb_good
205P,205P,205P/Giacobini,1916-09-19,1916,True,AERITH,expected_not_seen,failed,,,False,,high_tier3
25D,25D,25D/Neujmin 2,1916-03-11,1916,True,AERITH,unexpected_seen,horizons_tmag,12.5,15.0,False,12.359,medium_sbdb_good
33P,33P,33P/Daniel,1916-08-18,1916,True,AERITH,expected_not_seen,horizons_tmag,15.5,4.5,True,17.864,high_nuclear_biased
489P,489P,489P/Denning,1916-05-29,1916,True,AERITH,expected_not_seen,horizons_tmag,7.6,49.25,False,11.432,medium_sbdb_good
69P,69P,69P/Taylor,1916-01-31,1916,True,AERITH,unexpected_seen,horizons_tmag,17.3,4.5,True,17.26,high_nuclear_biased
72P,72P,72P/Denning-Fujikawa,1916-10-09,1916,True,AERITH,expected_not_seen,horizons_tmag,17.5,19.0,False,12.0,medium_sbdb_good
113P,113P,113P/Spitaler,1917-08-30,1917,True,AERITH,expected_not_seen,horizons_tmag,14.7,8.0,False,18.183,medium_sbdb_good
26P,26P,26P/Grigg-Skjellerup,1917-05-22,1917,True,AERITH,retrospective_not_observed,horizons_tmag,16.5,5.5,True,14.314,high_nuclear_biased
5D,5D,5D/Brorsen,1917-09-20,1917,True,AERITH,expected_not_seen,horizons_tmag,8.3,10.0,False,7.327,medium_sbdb_good
64P,64P,64P/Swift-Gehrels,1917-05-08,1917,True,AERITH,expected_not_seen,horizons_tmag,14.5,6.0,False,17.089,medium_sbdb_good
6P,6P,6P/d'Arrest,1917-04-03,1917,True,AERITH,expected_not_seen,horizons_tmag,15.9,8.5,False,18.317,medium_sbdb_good
80P,80P,80P/Peters-Hartley,1917-10-30,1917,True,AERITH,expected_not_seen,horizons_tmag,11.8,15.75,False,16.897,medium_sbdb_good
1916 G1,C/1916 G1,C/1916 G1 (Wolf),1917-06-17,1917,False,SBDB,unexpected_seen,horizons_tmag,5.9,15.75,False,9.804,medium_sbdb_good
1917 F1,C/1917 F1,C/1917 F1 (Mellish),1917-04-11,1917,False,SBDB,unexpected_seen,horizons_tmag,10.9,15.75,False,-1.0,medium_sbdb_good
1917 H1,C/1917 H1,C/1917 H1 (Schaumasse),1917-05-18,1917,False,SBDB,unexpected_seen,horizons_tmag,12.0,31.25,False,6.0,medium_sbdb_good
14P,14P,14P/Wolf,1918-12-13,1918,True,AERITH,expected_seen,horizons_tmag,15.6,4.5,True,16.802,high_nuclear_biased
16P,16P,16P/Brooks 2,1918-02-13,1918,True,AERITH,expected_not_seen,horizons_tmag,12.2,13.5,False,18.283,medium_sbdb_good
19P,19P,19P/Borrelly,1918-11-17,1918,True,AERITH,expected_seen,horizons_tmag,9.8,14.5,False,10.349,medium_sbdb_good
206P,206P,206P/Barnard-Boattini,1918-10-20,1918,True,AERITH,expected_not_seen,horizons_tmag,20.3,10.0,False,20.052,medium_sbdb_good
2P,2P,2P/Encke,1918-03-24,1918,True,AERITH,expected_seen,horizons_tmag,15.6,4.5,True,13.0,high_nuclear_biased
41P,41P,41P/Tuttle-Giacobini-Kresak,1918-07-12,1918,True,AERITH,expected_not_seen,horizons_tmag,16.9,4.5,True,17.981,high_nuclear_biased
4P,4P,4P/Faye,1918-03-29,1918,True,AERITH,expected_not_seen,horizons_tmag,11.0,9.5,False,15.037,medium_sbdb_good
9P,9P,9P/Tempel 1,1918-05-21,1918,True,AERITH,expected_not_seen,horizons_tmag,12.9,9.0,False,15.999,medium_sbdb_good
1918 L1,C/1918 L1,C/1918 L1 (Reid),1918-06-06,1918,False,SBDB,unexpected_seen,failed,,,False,,high_tier3
15P,15P,15P/Finlay,1919-10-15,1919,True,AERITH,expected_seen,horizons_tmag,14.9,8.5,False,11.781,medium_sbdb_good
22P,22P,22P/Kopff,1919-06-28,1919,True,AERITH,expected_seen,horizons_tmag,11.9,9.75,False,13.403,medium_sbdb_good
23P,23P,23P/Brorsen-Metcalf,1919-10-17,1919,True,AERITH,expected_seen,horizons_tmag,7.8,8.0,False,4.305,medium_sbdb_good
24P,24P,24P/Schaumasse,1919-10-20,1919,True,AERITH,expected_seen,horizons_tmag,14.5,9.25,False,16.354,medium_sbdb_good
289P,289P,289P/Blanpain,1919-12-09,1919,True,AERITH,expected_not_seen,horizons_tmag,22.0,4.5,True,15.0,high_nuclear_biased
3D,3D,3D/Biela,1919-02-13,1919,True,AERITH,expected_not_seen,horizons_tmag,7.1,10.0,False,6.31,medium_sbdb_good
1919 Q2,C/1919 Q2,C/1919 Q2 (Metcalf),1919-12-07,1919,False,SBDB,unexpected_seen,horizons_tmag,5.1,11.5,False,7.039,medium_sbdb_good
10P,10P,10P/Tempel 2,1920-06-10,1920,True,AERITH,expected_seen,horizons_tmag,14.7,4.5,True,15.122,high_nuclear_biased
11P,11P,11P/Tempel-Swift-LINEAR,1920-05-24,1920,True,AERITH,expected_not_seen,horizons_tmag,15.2,20.0,False,18.773,medium_sbdb_good
17P,17P,17P/Holmes,1920-11-20,1920,True,AERITH,expected_not_seen,horizons_tmag,9.4,14.75,False,15.851,medium_sbdb_good
21P,21P,21P/Giacobini-Zinner,1920-05-18,1920,True,AERITH,expected_not_seen,horizons_tmag,13.2,8.25,False,14.416,medium_sbdb_good
54P,54P,54P/de Vico-Swift-NEAT,1920-06-22,1920,True,AERITH,expected_not_seen,horizons_tmag,14.2,12.25,False,18.131,medium_sbdb_good
1919 Y1,C/1919 Y1,C/1919 Y1 (Skjellerup),1920-01-03,1920,False,SBDB,unexpected_seen,failed,,,False,,high_tier3
1920 X1,C/1920 X1,C/1920 X1 (Skjellerup),1920-12-11,1920,False,SBDB,unexpected_seen,failed,,,False,,high_tier3
25D,25D,25D/Neujmin 2,1921-08-15,1921,True,AERITH,expected_not_seen,horizons_tmag,12.5,15.0,False,16.197,medium_sbdb_good
2P,2P,2P/Encke,1921-07-13,1921,True,AERITH,expected_seen,horizons_tmag,15.6,4.5,True,13.95,high_nuclear_biased
7P,7P,7P/Pons-Winnecke,1921-06-13,1921,True,AERITH,expected_seen,horizons_tmag,16.0,4.5,True,11.827,high_nuclear_biased
1921 E1,C/1921 E1,C/1921 E1 (Reid),1921-05-10,1921,False,SBDB,unexpected_seen,failed,,,False,,high_tier3
1921 H1,C/1921 H1,C/1921 H1 (Dubiago),1921-05-05,1921,False,SBDB,unexpected_seen,failed,,,False,,high_tier3
1922 B1,C/1922 B1,C/1922 B1 (Reid),1921-10-28,1921,False,SBDB,unexpected_seen,failed,,,False,,high_tier3
122P,122P,122P/de Vico,1922-04-08,1922,True,AERITH,expected_not_seen,horizons_tmag,7.5,10.0,False,6.482,medium_sbdb_good
18D,18D,18D/Perrine-Mrkos,1922-12-23,1922,True,AERITH,expected_not_seen,horizons_tmag,11.5,20.0,False,12.562,medium_sbdb_good
226P,226P,226P/Pigott-LINEAR-Kowalski,1922-04-02,1922,True,AERITH,expected_not_seen,horizons_tmag,10.1,21.0,False,15.751,medium_sbdb_good
26P,26P,26P/Grigg-Skjellerup,1922-05-15,1922,True,AERITH,unexpected_seen,horizons_tmag,16.5,5.5,True,13.567,high_nuclear_biased
69P,69P,69P/Taylor,1922-06-17,1922,True,AERITH,expected_not_seen,horizons_tmag,17.3,4.5,True,20.154,high_nuclear_biased
97P,97P,97P/Metcalf-Brewington,1922-03-04,1922,True,AERITH,expected_not_seen,horizons_tmag,13.7,7.75,False,17.106,medium_sbdb_good
1922 U1,C/1922 U1,C/1922 U1 (Baade),1922-10-26,1922,False,SBDB,unexpected_seen,failed,,,False,,high_tier3
205P,205P,205P/Giacobini,1923-04-15,1923,True,AERITH,expected_not_seen,failed,,,False,,high_tier3
33P,33P,33P/Daniel,1923-06-13,1923,True,AERITH,expected_not_seen,horizons_tmag,15.5,4.5,True,18.372,high_nuclear_biased
489P,489P,489P/Denning,1923-09-30,1923,True,AERITH,expected_not_seen,horizons_tmag,7.6,49.25,False,11.513,medium_sbdb_good
5D,5D,5D/Brorsen,1923-06-09,1923,True,AERITH,expected_not_seen,horizons_tmag,8.3,10.0,False,7.539,medium_sbdb_good
6P,6P,6P/d'Arrest,1923-09-15,1923,True,AERITH,expected_seen,horizons_tmag,15.9,8.5,False,16.35,medium_sbdb_good
1922 W1,C/1922 W1,C/1922 W1 (Skjellerup),1923-01-04,1923,False,SBDB,unexpected_seen,failed,,,False,,high_tier3
1923 T1,C/1923 T1,C/1923 T1 (Dubiago-Bernard),1923-11-18,1923,False,SBDB,unexpected_seen,failed,,,False,,high_tier3
113P,113P,113P/Spitaler,1924-07-08,1924,True,AERITH,expected_not_seen,horizons_tmag,14.7,8.0,False,18.908,medium_sbdb_good
2P,2P,2P/Encke,1924-10-31,1924,True,AERITH,expected_seen,horizons_tmag,15.6,4.5,True,13.818,high_nuclear_biased
41P,41P,41P/Tuttle-Giacobini-Kresak,1924-01-07,1924,True,AERITH,expected_not_seen,horizons_tmag,16.9,4.5,True,18.103,high_nuclear_biased
9P,9P,9P/Tempel 1,1924-12-09,1924,True,AERITH,expected_not_seen,horizons_tmag,12.9,9.0,False,17.857,medium_sbdb_good
1924 F1,C/1924 F1,C/1924 F1 (Reid),1924-03-13,1924,False,SBDB,unexpected_seen,failed,,,False,,high_tier3
1924 R1,C/1924 R1,C/1924 R1 (Finsler),1924-09-04,1924,False,SBDB,unexpected_seen,failed,,,False,,high_tier3
10P,10P,10P/Tempel 2,1925-08-07,1925,True,AERITH,expected_seen,horizons_tmag,14.7,4.5,True,12.767,high_nuclear_biased
14P,14P,14P/Wolf,1925-11-08,1925,True,AERITH,expected_seen,horizons_tmag,15.6,4.5,True,18.257,high_nuclear_biased
16P,16P,16P/Brooks 2,1925-11-01,1925,True,AERITH,expected_seen,horizons_tmag,12.2,13.5,False,15.699,medium_sbdb_good
19P,19P,19P/Borrelly,1925-10-07,1925,True,AERITH,expected_seen,horizons_tmag,9.8,14.5,False,12.124,medium_sbdb_good
206P,206P,206P/Barnard-Boattini,1925-02-28,1925,True,AERITH,expected_not_seen,horizons_tmag,20.3,10.0,False,22.456,medium_sbdb_good
289P,289P,289P/Blanpain,1925-03-05,1925,True,AERITH,expected_not_seen,horizons_tmag,22.0,4.5,True,22.511,high_nuclear_biased
29P,29P,29P/Schwassmann-Wachmann 1,1925-05-07,1925,True,AERITH,unexpected_seen,horizons_tmag,10.1,4.5,True,16.679,high_nuclear_biased
3D,3D,3D/Biela,1925-09-30,1925,True,AERITH,expected_not_seen,horizons_tmag,7.1,10.0,False,6.187,medium_sbdb_good
43P,43P,43P/Wolf-Harrington,1925-01-11,1925,True,AERITH,unexpected_seen,horizons_tmag,10.5,10.75,False,15.491,medium_sbdb_good
4P,4P,4P/Faye,1925-08-07,1925,True,AERITH,expected_seen,horizons_tmag,11.0,9.5,False,14.299,medium_sbdb_good
72P,72P,72P/Denning-Fujikawa,1925-06-30,1925,True,AERITH,expected_not_seen,horizons_tmag,17.5,19.0,False,15.905,medium_sbdb_good
80P,80P,80P/Peters-Hartley,1925-11-18,1925,True,AERITH,expected_not_seen,horizons_tmag,11.8,15.75,False,16.916,medium_sbdb_good
1925 F1,C/1925 F1,C/1925 F1 (Shajn-Comas Sola),1925-09-06,1925,False,SBDB,unexpected_seen,failed,,,False,,high_tier3
1925 F2,C/1925 F2,C/1925 F2 (Reid),1925-07-29,1925,False,SBDB,unexpected_seen,failed,,,False,,high_tier3
1925 G1,C/1925 G1,C/1925 G1 (Orkisz),1925-04-01,1925,False,SBDB,unexpected_seen,failed,,,False,,high_tier3
1925 V1,C/1925 V1,C/1925 V1 (Wilk-Peltier),1925-12-07,1925,False,SBDB,unexpected_seen,failed,,,False,,high_tier3
1925 W1,C/1925 W1,C/1925 W1 (Van Biesbroeck),1925-10-02,1925,False,SBDB,unexpected_seen,failed,,,False,,high_tier3
11P,11P,11P/Tempel-Swift-LINEAR,1926-04-28,1926,True,AERITH,expected_not_seen,horizons_tmag,15.2,20.0,False,19.483,medium_sbdb_good
15P,15P,15P/Finlay,1926-08-07,1926,True,AERITH,expected_seen,horizons_tmag,14.9,8.5,False,14.86,medium_sbdb_good
21P,21P,21P/Giacobini-Zinner,1926-12-11,1926,True,AERITH,expected_seen,horizons_tmag,13.2,8.25,False,13.451,medium_sbdb_good
22P,22P,22P/Kopff,1926-01-28,1926,True,AERITH,expected_seen,horizons_tmag,11.9,9.75,False,16.229,medium_sbdb_good
36P,36P,36P/Whipple,1926-02-04,1926,True,AERITH,retrospective_pre_discovery,horizons_tmag,10.5,13.25,False,17.215,medium_sbdb_good
54P,54P,54P/de Vico-Swift-NEAT,1926-12-16,1926,True,AERITH,expected_not_seen,horizons_tmag,14.2,12.25,False,18.419,medium_sbdb_good
64P,64P,64P/Swift-Gehrels,1926-06-09,1926,True,AERITH,expected_not_seen,horizons_tmag,14.5,6.0,False,17.05,medium_sbdb_good
8P,8P,8P/Tuttle,1926-04-28,1926,True,AERITH,expected_seen,horizons_tmag,14.6,4.5,True,15.772,high_nuclear_biased
1925 X1,C/1925 X1,C/1925 X1 (Ensor),1926-02-11,1926,False,SBDB,unexpected_seen,failed,,,False,,high_tier3
1926 B1,C/1926 B1,C/1926 B1 (Blathwayt),1926-01-02,1926,False,SBDB,unexpected_seen,failed,,,False,,high_tier3
1927 B1,C/1927 B1,C/1927 B1 (Reid),1926-12-30,1926,False,SBDB,unexpected_seen,failed,,,False,,high_tier3
24P,24P,24P/Schaumasse,1927-10-01,1927,True,AERITH,expected_seen,horizons_tmag,14.5,9.25,False,16.591,medium_sbdb_good
25D,25D,25D/Neujmin 2,1927-01-16,1927,True,AERITH,expected_seen,horizons_tmag,12.5,15.0,False,14.257,medium_sbdb_good
26P,26P,26P/Grigg-Skjellerup,1927-05-10,1927,True,AERITH,expected_seen,horizons_tmag,16.5,5.5,True,12.934,high_nuclear_biased
32P,32P,32P/Comas Sola,1927-03-22,1927,True,AERITH,unexpected_seen,horizons_tmag,10.3,12.0,False,14.245,medium_sbdb_good
34D,34D,34D/Gale,1927-06-14,1927,True,AERITH,unexpected_seen,horizons_tmag,10.5,20.0,False,9.901,medium_sbdb_good
7P,7P,7P/Pons-Winnecke,1927-06-21,1927,True,AERITH,expected_seen,horizons_tmag,16.0,4.5,True,9.059,high_nuclear_biased
1927 A1,C/1927 A1,C/1927 A1 (Blathwayt),1927-02-14,1927,False,SBDB,unexpected_seen,failed,,,False,,high_tier3
1927 E1,C/1927 E1,C/1927 E1 (Stearns),1927-03-22,1927,False,SBDB,unexpected_seen,failed,,,False,,high_tier3
1927 X1,C/1927 X1,C/1927 X1 (Skjellerup-Maristany),1927-12-18,1927,False,SBDB,unexpected_seen,failed,,,False,,high_tier3
17P,17P,17P/Holmes,1928-03-26,1928,True,AERITH,expected_not_seen,horizons_tmag,9.4,14.75,False,17.232,medium_sbdb_good
226P,226P,226P/Pigott-LINEAR-Kowalski,1928-10-19,1928,True,AERITH,expected_not_seen,horizons_tmag,10.1,21.0,False,13.278,medium_sbdb_good
27P,27P,27P/Crommelin,1928-11-04,1928,True,AERITH,expected_seen,horizons_tmag,12.7,27.75,False,8.161,medium_sbdb_good
2P,2P,2P/Encke,1928-02-19,1928,True,AERITH,expected_seen,horizons_tmag,15.6,4.5,True,13.0,high_nuclear_biased
30P,30P,30P/Reinmuth 1,1928-01-30,1928,True,AERITH,unexpected_seen,horizons_tmag,13.6,7.5,False,15.335,medium_sbdb_good
5D,5D,5D/Brorsen,1928-12-23,1928,True,AERITH,expected_not_seen,horizons_tmag,8.3,10.0,False,4.0,medium_sbdb_good
69P,69P,69P/Taylor,1928-11-01,1928,True,AERITH,expected_not_seen,horizons_tmag,17.3,4.5,True,19.061,high_nuclear_biased
18D,18D,18D/Perrine-Mrkos,1929-07-26,1929,True,AERITH,expected_not_seen,horizons_tmag,11.5,20.0,False,14.289,medium_sbdb_good
205P,205P,205P/Giacobini,1929-09-26,1929,True,AERITH,expected_not_seen,failed,,,False,,high_tier3
31P,31P,31P/Schwassmann-Wachmann 2,1929-03-23,1929,True,AERITH,unexpected_seen,horizons_tmag,4.2,23.0,False,12.296,medium_sbdb_good
37P,37P,37P/Forbes,1929-06-26,1929,True,AERITH,unexpected_seen,horizons_tmag,9.6,21.25,False,12.246,medium_sbdb_good
41P,41P,41P/Tuttle-Giacobini-Kresak,1929-06-28,1929,True,AERITH,expected_not_seen,horizons_tmag,16.9,4.5,True,17.655,high_nuclear_biased
42P,42P,42P/Neujmin 3,1929-06-28,1929,True,AERITH,unexpected_seen,horizons_tmag,16.6,4.5,True,18.138,high_nuclear_biased
97P,97P,97P/Metcalf-Brewington,1929-11-29,1929,True,AERITH,expected_not_seen,horizons_tmag,13.7,7.75,False,14.752,medium_sbdb_good
10P,10P,10P/Tempel 2,1930-10-05,1930,True,AERITH,expected_seen,horizons_tmag,14.7,4.5,True,15.693,high_nuclear_biased
202P,202P,202P/Scotti,1930-01-08,1930,True,AERITH,retrospective_pre_discovery,horizons_tmag,13.9,10.0,False,17.934,medium_sbdb_good
289P,289P,289P/Blanpain,1930-05-29,1930,True,AERITH,expected_not_seen,horizons_tmag,22.0,4.5,True,23.288,high_nuclear_biased
33P,33P,33P/Daniel,1930-04-07,1930,True,AERITH,expected_not_seen,horizons_tmag,15.5,4.5,True,17.994,high_nuclear_biased
6P,6P,6P/d'Arrest,1930-05-10,1930,True,AERITH,expected_not_seen,horizons_tmag,15.9,8.5,False,18.141,medium_sbdb_good
73P,73P,73P/Schwassmann-Wachmann 3,1930-06-14,1930,True,AERITH,unexpected_seen,failed,,,False,,high_tier3
1929 Y1,C/1929 Y1,C/1929 Y1 (Wilk),1930-01-22,1930,False,SBDB,unexpected_seen,failed,,,False,,high_tier3
1930 D1,C/1930 D1,C/1930 D1 (Peltier-Schwassmann-Wachmann),1930-01-15,1930,False,SBDB,unexpected_seen,failed,,,False,,high_tier3
1930 E1,C/1930 E1,C/1930 E1 (Beyer),1930-04-18,1930,False,SBDB,unexpected_seen,failed,,,False,,high_tier3
1930 F1,C/1930 F1,C/1930 F1 (Wilk),1930-03-28,1930,False,SBDB,unexpected_seen,failed,,,False,,high_tier3
1930 L1,C/1930 L1,C/1930 L1 (Forbes),1930-05-10,1930,False,SBDB,unexpected_seen,failed,,,False,,high_tier3
113P,113P,113P/Spitaler,1931-05-21,1931,True,AERITH,expected_not_seen,horizons_tmag,14.7,8.0,False,19.499,medium_sbdb_good
206P,206P,206P/Barnard-Boattini,1931-02-02,1931,True,AERITH,expected_not_seen,horizons_tmag,20.3,10.0,False,22.167,medium_sbdb_good
274P,274P,274P/Tombaugh-Tenagra,1931-01-15,1931,True,AERITH,unexpected_seen,horizons_tmag,10.9,14.75,False,17.45,medium_sbdb_good
28P,28P,28P/Neujmin 1,1931-04-30,1931,True,AERITH,expected_seen,horizons_tmag,13.2,4.5,True,15.682,high_nuclear_biased
2P,2P,2P/Encke,1931-06-03,1931,True,AERITH,expected_seen,horizons_tmag,15.6,4.5,True,12.921,high_nuclear_biased
489P,489P,489P/Denning,1931-09-13,1931,True,AERITH,expected_not_seen,horizons_tmag,7.6,49.25,False,14.757,medium_sbdb_good
84P,84P,84P/Giclas,1931-11-18,1931,True,AERITH,retrospective_pre_discovery,horizons_tmag,14.2,6.5,False,14.98,medium_sbdb_good
9P,9P,9P/Tempel 1,1931-06-17,1931,True,AERITH,expected_not_seen,horizons_tmag,12.9,9.0,False,15.982,medium_sbdb_good
1931 O1,C/1931 O1,C/1931 O1 (Nagata),1931-06-11,1931,False,SBDB,unexpected_seen,horizons_tmag,5.7,4.75,True,6.772,high_nuclear_biased
1931 P1,C/1931 P1,C/1931 P1 (Ryves),1931-08-25,1931,False,SBDB,unexpected_seen,failed,,,False,,high_tier3
1932 H1,C/1932 H1,C/1932 H1 (Carrasco),1931-11-29,1931,False,SBDB,unexpected_seen,failed,,,False,,high_tier3
11P,11P,11P/Tempel-Swift-LINEAR,1932-04-12,1932,True,AERITH,expected_not_seen,horizons_tmag,15.2,20.0,False,19.455,medium_sbdb_good
16P,16P,16P/Brooks 2,1932-10-09,1932,True,AERITH,expected_seen,horizons_tmag,12.2,13.5,False,15.572,medium_sbdb_good
19P,19P,19P/Borrelly,1932-08-27,1932,True,AERITH,expected_seen,horizons_tmag,9.8,14.5,False,13.115,medium_sbdb_good
22P,22P,22P/Kopff,1932-08-21,1932,True,AERITH,expected_seen,horizons_tmag,11.9,9.75,False,14.076,medium_sbdb_good
25D,25D,25D/Neujmin 2,1932-06-17,1932,True,AERITH,expected_not_seen,horizons_tmag,12.5,15.0,False,15.74,medium_sbdb_good
26P,26P,26P/Grigg-Skjellerup,1932-05-12,1932,True,AERITH,expected_seen,horizons_tmag,16.5,5.5,True,13.381,high_nuclear_biased
3D,3D,3D/Biela,1932-05-16,1932,True,AERITH,expected_not_seen,horizons_tmag,7.1,10.0,False,7.642,medium_sbdb_good
43P,43P,43P/Wolf-Harrington,1932-08-14,1932,True,AERITH,expected_not_seen,horizons_tmag,10.5,10.75,False,16.142,medium_sbdb_good
4P,4P,4P/Faye,1932-12-06,1932,True,AERITH,expected_seen,horizons_tmag,11.0,9.5,False,12.393,medium_sbdb_good
55P,55P,55P/Tempel-Tuttle,1932-07-12,1932,True,AERITH,expected_not_seen,horizons_tmag,10.0,25.0,False,10.862,medium_sbdb_good
1932 G1,C/1932 G1,C/1932 G1 (Houghton-Ensor),1932-02-28,1932,False,SBDB,unexpected_seen,failed,,,False,,high_tier3
1932 M1,C/1932 M1,C/1932 M1 (Newman),1932-09-24,1932,False,SBDB,unexpected_seen,horizons_tmag,11.1,4.5,True,12.987,high_nuclear_biased
1932 M2,C/1932 M2,C/1932 M2 (Geddes),1932-09-20,1932,False,SBDB,unexpected_seen,horizons_tmag,6.1,4.5,True,9.341,high_nuclear_biased
1932 P1,C/1932 P1,C/1932 P1 (Peltier-Whipple),1932-09-01,1932,False,SBDB,unexpected_seen,horizons_tmag,8.1,38.25,False,7.759,medium_sbdb_good
1932 Y1,C/1932 Y1,C/1932 Y1 (Dodwell-Forbes),1932-12-30,1932,False,SBDB,unexpected_seen,horizons_tmag,9.1,15.25,False,9.776,medium_sbdb_good
15P,15P,15P/Finlay,1933-06-16,1933,True,AERITH,expected_not_seen,horizons_tmag,14.9,8.5,False,16.174,medium_sbdb_good
21P,21P,21P/Giacobini-Zinner,1933-07-15,1933,True,AERITH,expected_seen,horizons_tmag,13.2,8.25,False,13.68,medium_sbdb_good
36P,36P,36P/Whipple,1933-08-01,1933,True,AERITH,unexpected_seen,horizons_tmag,10.5,13.25,False,16.921,medium_sbdb_good
54P,54P,54P/de Vico-Swift-NEAT,1933-06-15,1933,True,AERITH,expected_not_seen,horizons_tmag,14.2,12.25,False,18.312,medium_sbdb_good
7P,7P,7P/Pons-Winnecke,1933-05-18,1933,True,AERITH,expected_seen,horizons_tmag,16.0,4.5,True,14.859,high_nuclear_biased
80P,80P,80P/Peters-Hartley,1933-11-12,1933,True,AERITH,expected_not_seen,horizons_tmag,11.8,15.75,False,17.005,medium_sbdb_good
1933 D1,C/1933 D1,C/1933 D1 (Peltier),1933-02-06,1933,False,SBDB,unexpected_seen,horizons_tmag,11.3,12.0,False,10.213,medium_sbdb_good
14P,14P,14P/Wolf,1934-02-27,1934,True,AERITH,expected_seen,horizons_tmag,15.6,4.5,True,19.04,high_nuclear_biased
2P,2P,2P/Encke,1934-09-15,1934,True,AERITH,expected_seen,horizons_tmag,15.6,4.5,True,14.064,high_nuclear_biased
41P,41P,41P/Tuttle-Giacobini-Kresak,1934-12-16,1934,True,AERITH,expected_not_seen,horizons_tmag,16.9,4.5,True,18.392,high_nuclear_biased
5D,5D,5D/Brorsen,1934-07-21,1934,True,AERITH,expected_not_seen,horizons_tmag,8.3,10.0,False,6.947,medium_sbdb_good
72P,72P,72P/Denning-Fujikawa,1934-05-26,1934,True,AERITH,expected_not_seen,horizons_tmag,17.5,19.0,False,16.361,medium_sbdb_good
1935 M1,C/1935 M1,C/1935 M1 (Jackson),1934-09-06,1934,False,SBDB,unexpected_seen,failed,,,False,,high_tier3
10P,10P,10P/Tempel 2,1935-12-07,1935,True,AERITH,expected_not_seen,horizons_tmag,14.7,4.5,True,16.833,high_nuclear_biased
17P,17P,17P/Holmes,1935-07-16,1935,True,AERITH,expected_not_seen,horizons_tmag,9.4,14.75,False,15.725,medium_sbdb_good
226P,226P,226P/Pigott-LINEAR-Kowalski,1935-05-13,1935,True,AERITH,expected_not_seen,horizons_tmag,10.1,21.0,False,16.013,medium_sbdb_good
24P,24P,24P/Schaumasse,1935-09-15,1935,True,AERITH,expected_not_seen,horizons_tmag,14.5,9.25,False,16.688,medium_sbdb_good
289P,289P,289P/Blanpain,1935-08-20,1935,True,AERITH,expected_not_seen,horizons_tmag,22.0,4.5,True,22.799,high_nuclear_biased
30P,30P,30P/Reinmuth 1,1935-04-29,1935,True,AERITH,expected_seen,horizons_tmag,13.6,7.5,False,16.496,medium_sbdb_good
31P,31P,31P/Schwassmann-Wachmann 2,1935-08-28,1935,True,AERITH,expected_seen,horizons_tmag,4.2,23.0,False,13.935,medium_sbdb_good
32P,32P,32P/Comas Sola,1935-10-06,1935,True,AERITH,expected_seen,horizons_tmag,10.3,12.0,False,14.662,medium_sbdb_good
37P,37P,37P/Forbes,1935-11-15,1935,True,AERITH,expected_not_seen,horizons_tmag,9.6,21.25,False,15.359,medium_sbdb_good
64P,64P,64P/Swift-Gehrels,1935-09-13,1935,True,AERITH,expected_not_seen,horizons_tmag,14.5,6.0,False,15.481,medium_sbdb_good
69P,69P,69P/Taylor,1935-09-28,1935,True,AERITH,expected_not_seen,horizons_tmag,17.3,4.5,True,19.522,high_nuclear_biased
73P,73P,73P/Schwassmann-Wachmann 3,1935-11-07,1935,True,AERITH,expected_not_seen,failed,,,False,,high_tier3
1935 A1,C/1935 A1,C/1935 A1 (Johnson),1935-02-26,1935,False,SBDB,unexpected_seen,horizons_tmag,11.2,26.5,False,8.551,medium_sbdb_good
18D,18D,18D/Perrine-Mrkos,1936-02-24,1936,True,AERITH,expected_not_seen,horizons_tmag,11.5,20.0,False,14.245,medium_sbdb_good
202P,202P,202P/Scotti,1936-11-11,1936,True,AERITH,retrospective_not_observed,horizons_tmag,13.9,10.0,False,18.05,medium_sbdb_good
205P,205P,205P/Giacobini,1936-03-19,1936,True,AERITH,expected_not_seen,failed,,,False,,high_tier3
206P,206P,206P/Barnard-Boattini,1936-12-22,1936,True,AERITH,expected_not_seen,horizons_tmag,20.3,10.0,False,20.263,medium_sbdb_good
58P,58P,58P/Jackson-Neujmin,1936-10-03,1936,True,AERITH,unexpected_seen,horizons_tmag,14.3,12.75,False,14.842,medium_sbdb_good
1935 Q1,C/1935 Q1,C/1935 Q1 (Van Biesbroeck),1936-05-11,1936,False,SBDB,unexpected_seen,failed,,,False,,high_tier3
1936 K1,C/1936 K1,C/1936 K1 (Peltier),1936-07-08,1936,False,SBDB,unexpected_seen,horizons_tmag,6.6,18.0,False,4.064,medium_sbdb_good
1936 O1,C/1936 O1,C/1936 O1 (Kaho-Kozik-Lis),1936-07-15,1936,False,SBDB,unexpected_seen,failed,,,False,,high_tier3
1937 P1,C/1937 P1,C/1937 P1 (Hubble),1936-11-14,1936,False,SBDB,unexpected_seen,failed,,,False,,high_tier3
25D,25D,25D/Neujmin 2,1937-11-20,1937,True,AERITH,expected_not_seen,horizons_tmag,12.5,15.0,False,15.709,medium_sbdb_good
26P,26P,26P/Grigg-Skjellerup,1937-05-23,1937,True,AERITH,expected_seen,horizons_tmag,16.5,5.5,True,14.394,high_nuclear_biased
2P,2P,2P/Encke,1937-12-27,1937,True,AERITH,expected_seen,horizons_tmag,15.6,4.5,True,12.648,high_nuclear_biased
33P,33P,33P/Daniel,1937-01-27,1937,True,AERITH,expected_seen,horizons_tmag,15.5,4.5,True,16.266,high_nuclear_biased
6P,6P,6P/d'Arrest,1937-01-08,1937,True,AERITH,expected_not_seen,horizons_tmag,15.9,8.5,False,18.866,medium_sbdb_good
97P,97P,97P/Metcalf-Brewington,1937-07-28,1937,True,AERITH,expected_not_seen,horizons_tmag,13.7,7.75,False,16.304,medium_sbdb_good
9P,9P,9P/Tempel 1,1937-12-22,1937,True,AERITH,expected_not_seen,horizons_tmag,12.9,9.0,False,17.603,medium_sbdb_good
1937 C1,C/1937 C1,C/1937 C1 (Whipple),1937-06-20,1937,False,SBDB,unexpected_seen,horizons_tmag,4.2,16.5,False,8.663,medium_sbdb_good
1937 D1,C/1937 D1,C/1937 D1 (Wilk),1937-02-21,1937,False,SBDB,unexpected_seen,failed,,,False,,high_tier3
1937 N1,C/1937 N1,C/1937 N1 (Finsler),1937-08-15,1937,False,SBDB,unexpected_seen,horizons_tmag,6.3,13.25,False,4.194,medium_sbdb_good
113P,113P,113P/Spitaler,1938-03-11,1938,True,AERITH,expected_not_seen,horizons_tmag,14.7,8.0,False,18.308,medium_sbdb_good
11P,11P,11P/Tempel-Swift-LINEAR,1938-05-19,1938,True,AERITH,expected_not_seen,horizons_tmag,15.2,20.0,False,20.621,medium_sbdb_good
34D,34D,34D/Gale,1938-06-18,1938,True,AERITH,expected_seen,horizons_tmag,10.5,20.0,False,9.017,medium_sbdb_good
3D,3D,3D/Biela,1938-12-20,1938,True,AERITH,expected_not_seen,horizons_tmag,7.1,10.0,False,4.136,medium_sbdb_good
84P,84P,84P/Giclas,1938-07-13,1938,True,AERITH,retrospective_not_observed,horizons_tmag,14.2,6.5,False,16.98,medium_sbdb_good
139P,139P,139P/Vaisala-Oterma,1939-12-30,1939,True,AERITH,unexpected_seen,horizons_tmag,7.2,18.0,False,18.685,medium_sbdb_good
16P,16P,16P/Brooks 2,1939-09-15,1939,True,AERITH,expected_seen,horizons_tmag,12.2,13.5,False,15.713,medium_sbdb_good
19P,19P,19P/Borrelly,1939-06-08,1939,True,AERITH,expected_not_seen,horizons_tmag,9.8,14.5,False,14.047,medium_sbdb_good
22P,22P,22P/Kopff,1939-03-13,1939,True,AERITH,expected_seen,horizons_tmag,11.9,9.75,False,15.778,medium_sbdb_good
35P,35P,35P/Herschel-Rigollet,1939-08-09,1939,True,AERITH,unexpected_seen,horizons_tmag,8.3,10.0,False,6.696,medium_sbdb_good
40P,40P,40P/Vaisala 1,1939-04-26,1939,True,AERITH,unexpected_seen,horizons_tmag,11.5,13.75,False,14.786,medium_sbdb_good
43P,43P,43P/Wolf-Harrington,1939-06-25,1939,True,AERITH,expected_not_seen,horizons_tmag,10.5,10.75,False,14.169,medium_sbdb_good
489P,489P,489P/Denning,1939-09-15,1939,True,AERITH,expected_not_seen,horizons_tmag,7.6,49.25,False,14.848,medium_sbdb_good
54P,54P,54P/de Vico-Swift-NEAT,1939-12-15,1939,True,AERITH,expected_not_seen,horizons_tmag,14.2,12.25,False,18.406,medium_sbdb_good
7P,7P,7P/Pons-Winnecke,1939-06-22,1939,True,AERITH,expected_seen,horizons_tmag,16.0,4.5,True,11.353,high_nuclear_biased
8P,8P,8P/Tuttle,1939-11-10,1939,True,AERITH,expected_seen,horizons_tmag,14.6,4.5,True,14.695,high_nuclear_biased
1939 B1,C/1939 B1,C/1939 B1 (Kozik-Peltier),1939-02-06,1939,False,SBDB,unexpected_seen,horizons_tmag,9.6,10.0,False,6.885,medium_sbdb_good
1939 H1,C/1939 H1,C/1939 H1 (Jurlof-Achmarof-Hassel),1939-04-10,1939,False,SBDB,unexpected_seen,horizons_tmag,6.0,4.5,True,3.972,high_nuclear_biased
1939 V1,C/1939 V1,C/1939 V1 (Friend),1939-11-05,1939,False,SBDB,unexpected_seen,failed,,,False,,high_tier3
15P,15P,15P/Finlay,1940-04-25,1940,True,AERITH,expected_not_seen,horizons_tmag,14.9,8.5,False,16.631,medium_sbdb_good
21P,21P,21P/Giacobini-Zinner,1940-02-17,1940,True,AERITH,expected_seen,horizons_tmag,13.2,8.25,False,14.524,medium_sbdb_good
274P,274P,274P/Tombaugh-Tenagra,1940-01-25,1940,True,AERITH,expected_not_seen,horizons_tmag,10.9,14.75,False,17.455,medium_sbdb_good
289P,289P,289P/Blanpain,1940-11-12,1940,True,AERITH,expected_not_seen,horizons_tmag,22.0,4.5,True,19.246,high_nuclear_biased
41P,41P,41P/Tuttle-Giacobini-Kresak,1940-06-03,1940,True,AERITH,expected_not_seen,horizons_tmag,16.9,4.5,True,16.854,high_nuclear_biased
42P,42P,42P/Neujmin 3,1940-05-13,1940,True,AERITH,expected_not_seen,horizons_tmag,16.6,4.5,True,18.628,high_nuclear_biased
4P,4P,4P/Faye,1940-04-24,1940,True,AERITH,expected_seen,horizons_tmag,11.0,9.5,False,15.186,medium_sbdb_good
5D,5D,5D/Brorsen,1940-01-29,1940,True,AERITH,expected_not_seen,horizons_tmag,8.3,10.0,False,4.637,medium_sbdb_good
1940 O1,C/1940 O1,C/1940 O1 (Whipple-Paraskevopoulos),1940-10-08,1940,False,SBDB,unexpected_seen,failed,,,False,,high_tier3
1940 S1,C/1940 S1,C/1940 S1 (Okabayasi-Honda),1940-08-15,1940,False,SBDB,unexpected_seen,failed,,,False,,high_tier3
